Date:,12/09/2026
"Start Time:",10:42:40
"Unix Start Time:",1789234960
Duration:,14940
"Num Players:",23
"Num Periods:",2
"Num Parameters:",40
"Logo Path:",https://clprototype.s3.amazonaws.com//titan/upload/file/alt/hMTfINKQSHhuOedgAGPP08auxtaaM8MwfUw1xmvC.jpg?X-Amz-Content-Sha256=UNSIGNED-PAYLOAD&X-Amz-Algorithm=AWS4-HMAC-SHA256&X-Amz-Credential=AKIAWE24RTRBE46FX3JB%2F20260914%2Fus-east-1%2Fs3%2Faws4_request&X-Amz-Date=20260914T051132Z&X-Amz-SignedHeaders=host&X-Amz-Expires=-1788757892&X-Amz-Signature=1a9b99296fc8d31d68a1bb97a7ead23a9c9e7e1b08f5cc6f9f37bcba2137704e
,
"Player Name","Period Name","Period Number","Max Acceleration","Max Deceleration","Acceleration Efforts","Deceleration Efforts","Accel + Decel Efforts","Accel + Decel Efforts Per Minute",Duration,Distance,"Player Load","Max Velocity","Max Vel (% Max)","Meterage Per Minute","Player Load Per Minute","Work/Rest Ratio","Max Heart Rate","Avg Heart Rate","Max HR (% Max)","Avg HR (% Max)","HR Exertion","Red Zone","Heart Rate Band 1 Duration","Heart Rate Band 2 Duration","Heart Rate Band 3 Duration","Heart Rate Band 4 Duration","Heart Rate Band 5 Duration","Heart Rate Band 6 Duration",Energy,"High Metabolic Load Distance","Standing Distance","Walking Distance","Jogging Distance","Running Distance","HI Distance","Sprint Distance","Sprint Efforts","Sprint Dist Per Min","High Speed Distance","High Speed Efforts","High Speed Distance Per Minute",Impacts,"Athlete Tags","Activity Tags","Game Tags","Athlete Participation Tags","Period Tags",
"Madi Audet",Session,0,2.94,-3.25,5,3,8,0.04,02:58:52,1750.96,231.72,4.9,69.8,9.79,1.3,0,0,0,0,0,0,0,00:00:00,00:00:00,00:00:00,00:00:00,00:00:00,00:00:00,108.48,35.84,112.89,1197.92,397.65,42.97,0,0,0,0,0,0,0,3,,,,Full,
"Molly Bachman",Session,0,4.02,-5.07,79,76,155,0.8,03:14:05,9727.22,1007.9,6.56,82.58,50.12,5.19,0.06,0,0,0,0,0,0,00:00:00,00:00:00,00:00:00,00:00:00,00:00:00,00:00:00,689.49,769.45,273.87,4340.62,3906.39,1116.94,88.88,0,0,0,88.88,9,0.46,91,,,,Full,
"Jenna Bisset",Session,0,3.76,-4.76,32,33,65,0.33,03:18:30,5264.58,626.64,6.64,85.07,26.52,3.16,0.03,0,0,0,0,0,0,00:00:00,00:00:00,00:00:00,00:00:00,00:00:00,00:00:00,364.86,282.77,289.28,2363.92,2061.01,515.35,32.72,1.81,0,0.01,34.53,4,0.17,40,,,,Full,
"Hannah Boelscher",Session,0,3.94,-3.74,34,33,67,0.34,03:14:14,5142.26,658.61,7.4,90.28,26.47,3.39,0.03,0,0,0,0,0,0,00:00:00,00:00:00,00:00:00,00:00:00,00:00:00,00:00:00,343.03,360.75,307.87,1887.93,2295.98,598.7,30.29,21.27,2,0.11,51.56,2,0.27,47,,,,Full,
"Abby Buys",Session,0,3.64,-5.45,95,99,194,0.96,03:22:53,10286.38,1206.72,7.18,92.1,50.7,5.95,0.07,0,0,0,0,0,0,00:00:00,00:00:00,00:00:00,00:00:00,00:00:00,00:00:00,729.34,847.13,305.78,4160.67,4094.63,1561.13,139.93,23.54,1,0.12,163.47,12,0.81,118,,,,Full,
"Shay Greff",Session,0,3.17,-4.4,19,16,35,0.2,02:58:52,3395.93,442.36,6.36,77.57,18.98,2.47,0.02,0,0,0,0,0,0,00:00:00,00:00:00,00:00:00,00:00:00,00:00:00,00:00:00,220.87,241.87,338.19,1564.53,1043.64,398.08,50.9,0,0,0,50.9,3,0.28,19,,,,Full,
"Lehua Hanawahine",Session,0,3.46,-4.77,25,24,49,0.25,03:18:36,4221.91,536.93,6.09,77.15,21.26,2.7,0.02,0,0,0,0,0,0,00:00:00,00:00:00,00:00:00,00:00:00,00:00:00,00:00:00,273.58,236.8,322.42,1890.62,1513.26,459.89,35.19,0,0,0,35.19,2,0.18,22,,,,Full,
"Ava Heil",Session,0,3.28,-3.85,22,23,45,0.25,02:58:52,3800.42,498.13,6.46,78.83,21.25,2.78,0.02,0,0,0,0,0,0,00:00:00,00:00:00,00:00:00,00:00:00,00:00:00,00:00:00,249.74,255.23,297.46,1770.5,1208.87,474.7,48.78,0,0,0,48.78,3,0.27,41,,,,Full,
"Kylee Jerome",Session,0,3.45,-4.07,51,54,105,0.59,02:58:52,5955.08,686.42,6.92,84.77,33.29,3.84,0.05,0,0,0,0,0,0,00:00:00,00:00:00,00:00:00,00:00:00,00:00:00,00:00:00,403.86,597.01,303.86,2070.56,2557.93,934.59,83.95,3.34,0,0.02,87.29,4,0.49,34,,,,Full,
"Riley Johnson",Session,0,3.55,-4.25,59,84,143,1.04,02:17:56,8809.6,1002.7,7.13,86.98,63.87,7.27,0.12,0,0,0,0,0,0,00:00:00,00:00:00,00:00:00,00:00:00,00:00:00,00:00:00,604.96,1017.44,133.36,2413.47,4583.94,1379.47,293.66,4.81,0,0.03,298.47,16,2.16,66,,,,Full,
"Lila Jones",Session,0,8.41,-8.34,21,15,36,0.91,00:39:41,3430.18,68.37,31.79,387.74,86.44,1.72,0.31,0,0,0,0,0,0,00:00:00,00:00:00,00:00:00,00:00:00,00:00:00,00:00:00,638.15,2599.62,18.09,262.92,117,285.37,275.08,276.72,17,6.97,551.8,16,13.91,0,,,,Full,
"Maddie Khan",Session,0,3.86,-4.83,34,41,75,0.38,03:18:39,6881.94,714.18,7.27,84.98,34.64,3.6,0.03,0,0,0,0,0,0,00:00:00,00:00:00,00:00:00,00:00:00,00:00:00,00:00:00,470.27,435.57,222.42,3711.88,2383,487.88,76.51,0,0,0,76.51,4,0.39,77,,,,Full,
"Gianna Masinter",Session,0,3.43,-4.35,74,67,141,0.71,03:19:51,12253.58,1333.59,6.41,81.32,61.31,6.67,0.08,0,0,0,0,0,0,00:00:00,00:00:00,00:00:00,00:00:00,00:00:00,00:00:00,853.05,749.44,283.63,5179.28,5182.55,1497.98,108.62,0,0,0,108.62,8,0.54,61,,,,Full,
"Kody McKinney",Session,0,3.44,-2.75,4,3,7,0.04,02:58:52,1779.55,236.95,4.47,54.55,9.95,1.32,0,0,0,0,0,0,0,00:00:00,00:00:00,00:00:00,00:00:00,00:00:00,00:00:00,111.5,41.29,219.84,1142.12,382.78,34.69,0,0,0,0,0,0,0,3,,,,Full,
"Emma Naftzger",Session,0,3.67,-4.14,112,99,211,1.19,02:56:51,12418.18,1362.24,6.86,90.62,70.22,7.7,0.12,0,0,0,0,0,0,00:00:00,00:00:00,00:00:00,00:00:00,00:00:00,00:00:00,880.13,969.24,280.7,3425.04,6311.64,2289.1,99.24,11.16,1,0.06,110.4,7,0.62,126,,,,Full,
"Grace Nelson",Session,0,3.66,-4.75,44,76,120,0.59,03:23:24,9544.14,1101.42,7.64,98.95,46.92,5.42,0.07,0,0,0,0,0,0,00:00:00,00:00:00,00:00:00,00:00:00,00:00:00,00:00:00,662.8,646.91,326.52,2858.98,4820,1392.62,101.73,44.24,2,0.22,145.97,8,0.72,89,,,,Full,
"Nikki Ross",Session,0,3.61,-4.37,68,88,156,0.76,03:24:56,11042.78,1179.83,6.91,84.3,53.88,5.76,0.09,0,0,0,0,0,0,00:00:00,00:00:00,00:00:00,00:00:00,00:00:00,00:00:00,770.27,892.53,347.41,3595.51,5371.44,1611.75,115.16,0,0,0,115.16,5,0.56,60,,,,Full,
"Maddy Saruwatari",Session,0,3.82,-4.94,69,74,143,0.71,03:21:36,10631.61,1296.29,6.76,86.72,52.74,6.43,0.08,0,0,0,0,0,0,00:00:00,00:00:00,00:00:00,00:00:00,00:00:00,00:00:00,722.19,911.93,278.46,4226.68,4048,1845.1,223.16,9.36,1,0.05,232.52,19,1.15,97,,,,Full,
"Juliet Thrapp",Session,0,3.45,-4.59,53,37,90,0.45,03:18:21,10217.95,1044.14,6.12,79.32,51.52,5.26,0.04,0,0,0,0,0,0,00:00:00,00:00:00,00:00:00,00:00:00,00:00:00,00:00:00,677.27,453.13,279.73,4500.97,4651.47,749.67,36.11,0,0,0,36.11,2,0.18,58,,,,Full,
"Priya Torres",Session,0,4.29,-4.99,75,78,153,0.75,03:24:33,9335.69,1177.64,7.62,97.47,45.64,5.76,0.07,0,0,0,0,0,0,00:00:00,00:00:00,00:00:00,00:00:00,00:00:00,00:00:00,664.35,969.45,280.67,3517.29,3709.21,1515.62,230.8,81.67,4,0.4,312.47,22,1.53,149,,,,Full,
"Leah Uezato",Session,0,3.14,-4.24,23,21,44,0.25,02:58:52,3600.4,487.87,6.74,34.23,20.13,2.73,0.02,0,0,0,0,0,0,00:00:00,00:00:00,00:00:00,00:00:00,00:00:00,00:00:00,240.57,258.54,408.22,2779.86,412.32,0,0,0,0,0,0,0,0,31,,,,Full,
"Jade Vachek",Session,0,3.45,-2.82,7,6,13,0.07,02:58:52,1880.7,288.35,5.05,62.68,10.51,1.61,0,0,0,0,0,0,0,00:00:00,00:00:00,00:00:00,00:00:00,00:00:00,00:00:00,114.5,45.16,296.31,1169.27,352.9,60.96,0,0,0,0,0,0,0,17,,,,Full,
"Abby Wright",Session,0,3.48,-5.33,46,50,96,0.54,02:58:52,6460.39,767.78,7.32,89.32,36.12,4.29,0.04,0,0,0,0,0,0,00:00:00,00:00:00,00:00:00,00:00:00,00:00:00,00:00:00,437.57,569.61,286.56,2651.82,2643.5,707.51,160.51,10.61,1,0.06,171.12,8,0.96,31,,,,Full,
"Madi Audet","Period 1",1,2.94,-3.25,5,3,8,0.04,02:58:52,1750.96,231.72,4.9,69.8,9.79,1.3,0,0,0,0,0,0,0,00:00:00,00:00:00,00:00:00,00:00:00,00:00:00,00:00:00,108.48,35.84,112.89,1197.92,397.65,42.97,0,0,0,0,0,0,0,3,,,,Full,,
"Shay Greff","Period 1",1,3.17,-4.4,19,16,35,0.2,02:58:52,3395.93,442.36,6.36,77.57,18.98,2.47,0.02,0,0,0,0,0,0,00:00:00,00:00:00,00:00:00,00:00:00,00:00:00,00:00:00,220.87,241.87,338.19,1564.53,1043.64,398.08,50.9,0,0,0,50.9,3,0.28,19,,,,Full,,
"Ava Heil","Period 1",1,3.28,-3.85,22,23,45,0.25,02:58:52,3800.42,498.13,6.46,78.83,21.25,2.78,0.02,0,0,0,0,0,0,00:00:00,00:00:00,00:00:00,00:00:00,00:00:00,00:00:00,249.74,255.23,297.46,1770.5,1208.87,474.7,48.78,0,0,0,48.78,3,0.27,41,,,,Full,,
"Kylee Jerome","Period 1",1,3.45,-4.07,51,54,105,0.59,02:58:52,5955.08,686.42,6.92,84.77,33.29,3.84,0.05,0,0,0,0,0,0,00:00:00,00:00:00,00:00:00,00:00:00,00:00:00,00:00:00,403.86,597.01,303.86,2070.56,2557.93,934.59,83.95,3.34,0,0.02,87.29,4,0.49,34,,,,Full,,
"Kody McKinney","Period 1",1,3.44,-2.75,4,3,7,0.04,02:58:52,1779.55,236.95,4.47,54.55,9.95,1.32,0,0,0,0,0,0,0,00:00:00,00:00:00,00:00:00,00:00:00,00:00:00,00:00:00,111.5,41.29,219.84,1142.12,382.78,34.69,0,0,0,0,0,0,0,3,,,,Full,,
"Leah Uezato","Period 1",1,3.14,-4.24,23,21,44,0.25,02:58:52,3600.4,487.87,6.74,34.23,20.13,2.73,0.02,0,0,0,0,0,0,00:00:00,00:00:00,00:00:00,00:00:00,00:00:00,00:00:00,240.57,258.54,408.22,2779.86,412.32,0,0,0,0,0,0,0,0,31,,,,Full,,
"Jade Vachek","Period 1",1,3.45,-2.82,7,6,13,0.07,02:58:52,1880.7,288.35,5.05,62.68,10.51,1.61,0,0,0,0,0,0,0,00:00:00,00:00:00,00:00:00,00:00:00,00:00:00,00:00:00,114.5,45.16,296.31,1169.27,352.9,60.96,0,0,0,0,0,0,0,17,,,,Full,,
"Abby Wright","Period 1",1,3.48,-5.33,46,50,96,0.54,02:58:52,6460.39,767.78,7.32,89.32,36.12,4.29,0.04,0,0,0,0,0,0,00:00:00,00:00:00,00:00:00,00:00:00,00:00:00,00:00:00,437.57,569.61,286.56,2651.82,2643.5,707.51,160.51,10.61,1,0.06,171.12,8,0.96,31,,,,Full,,
"Molly Bachman","Auto Created Period",1,4.02,-5.07,79,76,155,0.8,03:14:05,9727.22,1007.9,6.56,82.58,50.12,5.19,0.06,0,0,0,0,0,0,00:00:00,00:00:00,00:00:00,00:00:00,00:00:00,00:00:00,689.49,769.45,273.87,4340.62,3906.39,1116.94,88.88,0,0,0,88.88,9,0.46,91,,,,Full,,
"Jenna Bisset","Auto Created Period",1,3.76,-4.76,32,33,65,0.33,03:18:30,5264.58,626.64,6.64,85.07,26.52,3.16,0.03,0,0,0,0,0,0,00:00:00,00:00:00,00:00:00,00:00:00,00:00:00,00:00:00,364.86,282.77,289.28,2363.92,2061.01,515.35,32.72,1.81,0,0.01,34.53,4,0.17,40,,,,Full,,
"Hannah Boelscher","Auto Created Period",1,3.94,-3.74,34,33,67,0.34,03:14:14,5142.26,658.61,7.4,90.28,26.47,3.39,0.03,0,0,0,0,0,0,00:00:00,00:00:00,00:00:00,00:00:00,00:00:00,00:00:00,343.03,360.75,307.87,1887.93,2295.98,598.7,30.29,21.27,2,0.11,51.56,2,0.27,47,,,,Full,,
"Abby Buys","Auto Created Period",1,3.64,-5.45,95,99,194,0.96,03:22:53,10286.38,1206.72,7.18,92.1,50.7,5.95,0.07,0,0,0,0,0,0,00:00:00,00:00:00,00:00:00,00:00:00,00:00:00,00:00:00,729.34,847.13,305.78,4160.67,4094.63,1561.13,139.93,23.54,1,0.12,163.47,12,0.81,118,,,,Full,,
"Lehua Hanawahine","Auto Created Period",1,3.46,-4.77,25,24,49,0.25,03:18:36,4221.91,536.93,6.09,77.15,21.26,2.7,0.02,0,0,0,0,0,0,00:00:00,00:00:00,00:00:00,00:00:00,00:00:00,00:00:00,273.58,236.8,322.42,1890.62,1513.26,459.89,35.19,0,0,0,35.19,2,0.18,22,,,,Full,,
"Riley Johnson","Auto Created Period",1,3.55,-4.25,59,84,143,1.04,02:17:56,8809.6,1002.7,7.13,86.98,63.87,7.27,0.12,0,0,0,0,0,0,00:00:00,00:00:00,00:00:00,00:00:00,00:00:00,00:00:00,604.96,1017.44,133.36,2413.47,4583.94,1379.47,293.66,4.81,0,0.03,298.47,16,2.16,66,,,,Full,,
"Lila Jones","Auto Created Period",1,8.41,-8.34,21,15,36,0.91,00:39:41,3430.18,68.37,31.79,387.74,86.44,1.72,0.31,0,0,0,0,0,0,00:00:00,00:00:00,00:00:00,00:00:00,00:00:00,00:00:00,638.15,2599.62,18.09,262.92,117,285.37,275.08,276.72,17,6.97,551.8,16,13.91,0,,,,Full,,
"Maddie Khan","Auto Created Period",1,3.86,-4.83,34,41,75,0.38,03:18:39,6881.94,714.18,7.27,84.98,34.64,3.6,0.03,0,0,0,0,0,0,00:00:00,00:00:00,00:00:00,00:00:00,00:00:00,00:00:00,470.27,435.57,222.42,3711.88,2383,487.88,76.51,0,0,0,76.51,4,0.39,77,,,,Full,,
"Gianna Masinter","Auto Created Period",1,3.43,-4.35,74,67,141,0.71,03:19:51,12253.58,1333.59,6.41,81.32,61.31,6.67,0.08,0,0,0,0,0,0,00:00:00,00:00:00,00:00:00,00:00:00,00:00:00,00:00:00,853.05,749.44,283.63,5179.28,5182.55,1497.98,108.62,0,0,0,108.62,8,0.54,61,,,,Full,,
"Emma Naftzger","Auto Created Period",1,3.67,-4.14,112,99,211,1.19,02:56:51,12418.18,1362.24,6.86,90.62,70.22,7.7,0.12,0,0,0,0,0,0,00:00:00,00:00:00,00:00:00,00:00:00,00:00:00,00:00:00,880.13,969.24,280.7,3425.04,6311.64,2289.1,99.24,11.16,1,0.06,110.4,7,0.62,126,,,,Full,,
"Grace Nelson","Auto Created Period",1,3.66,-4.75,44,76,120,0.59,03:23:24,9544.14,1101.42,7.64,98.95,46.92,5.42,0.07,0,0,0,0,0,0,00:00:00,00:00:00,00:00:00,00:00:00,00:00:00,00:00:00,662.8,646.91,326.52,2858.98,4820,1392.62,101.73,44.24,2,0.22,145.97,8,0.72,89,,,,Full,,
"Nikki Ross","Auto Created Period",1,3.61,-4.37,68,88,156,0.76,03:24:56,11042.78,1179.83,6.91,84.3,53.88,5.76,0.09,0,0,0,0,0,0,00:00:00,00:00:00,00:00:00,00:00:00,00:00:00,00:00:00,770.27,892.53,347.41,3595.51,5371.44,1611.75,115.16,0,0,0,115.16,5,0.56,60,,,,Full,,
"Maddy Saruwatari","Auto Created Period",1,3.82,-4.94,69,74,143,0.71,03:21:36,10631.61,1296.29,6.76,86.72,52.74,6.43,0.08,0,0,0,0,0,0,00:00:00,00:00:00,00:00:00,00:00:00,00:00:00,00:00:00,722.19,911.93,278.46,4226.68,4048,1845.1,223.16,9.36,1,0.05,232.52,19,1.15,97,,,,Full,,
"Juliet Thrapp","Auto Created Period",1,3.45,-4.59,53,37,90,0.45,03:18:21,10217.95,1044.14,6.12,79.32,51.52,5.26,0.04,0,0,0,0,0,0,00:00:00,00:00:00,00:00:00,00:00:00,00:00:00,00:00:00,677.27,453.13,279.73,4500.97,4651.47,749.67,36.11,0,0,0,36.11,2,0.18,58,,,,Full,,
"Priya Torres","Auto Created Period",1,4.29,-4.99,75,78,153,0.75,03:24:33,9335.69,1177.64,7.62,97.47,45.64,5.76,0.07,0,0,0,0,0,0,00:00:00,00:00:00,00:00:00,00:00:00,00:00:00,00:00:00,664.35,969.45,280.67,3517.29,3709.21,1515.62,230.8,81.67,4,0.4,312.47,22,1.53,149,,,,Full,,
