Date:,19/09/2026
"Start Time:",17:46:59
"Unix Start Time:",1789865219
Duration:,10149
"Num Players:",21
"Num Periods:",1
"Num Parameters:",40
"Logo Path:",https://clprototype.s3.amazonaws.com//titan/upload/file/alt/hMTfINKQSHhuOedgAGPP08auxtaaM8MwfUw1xmvC.jpg?X-Amz-Content-Sha256=UNSIGNED-PAYLOAD&X-Amz-Algorithm=AWS4-HMAC-SHA256&X-Amz-Credential=AKIAWE24RTRBE46FX3JB%2F20260921%2Fus-east-1%2Fs3%2Faws4_request&X-Amz-Date=20260921T022850Z&X-Amz-SignedHeaders=host&X-Amz-Expires=-1789352930&X-Amz-Signature=51e14ad863594fb49b91bdeb502eb0ed0551853837e4b46335cc1f1cb6f80b01
,
"Player Name","Period Name","Period Number","Max Acceleration","Max Deceleration","Acceleration Efforts","Deceleration Efforts","Accel + Decel Efforts","Accel + Decel Efforts Per Minute",Duration,Distance,"Player Load","Max Velocity","Max Vel (% Max)","Meterage Per Minute","Player Load Per Minute","Work/Rest Ratio","Max Heart Rate","Avg Heart Rate","Max HR (% Max)","Avg HR (% Max)","HR Exertion","Red Zone","Heart Rate Band 1 Duration","Heart Rate Band 2 Duration","Heart Rate Band 3 Duration","Heart Rate Band 4 Duration","Heart Rate Band 5 Duration","Heart Rate Band 6 Duration",Energy,"High Metabolic Load Distance","Standing Distance","Walking Distance","Jogging Distance","Running Distance","HI Distance","Sprint Distance","Sprint Efforts","Sprint Dist Per Min","High Speed Distance","High Speed Efforts","High Speed Distance Per Minute",Impacts,"Athlete Tags","Activity Tags","Game Tags","Athlete Participation Tags","Period Tags",
"Madi Audet",Session,0,2.67,-2.05,8,2,10,0.06,02:46:38,1596.37,235.02,4.53,64.66,9.58,1.41,0,0,0,0,0,0,0,00:00:00,00:00:00,00:00:00,00:00:00,00:00:00,00:00:00,102.02,35.06,83.57,923.78,510.89,78.14,0,0,0,0,0,0,0,4,,MD,,Full,
"Molly Bachman",Session,0,3.96,-4.89,129,138,267,1.6,02:46:38,11191.91,1254.17,7.5,94.48,67.74,7.53,0.11,0,0,0,0,0,0,00:00:00,00:00:00,00:00:00,00:00:00,00:00:00,00:00:00,815.94,1299.89,255.51,4369.29,4512.78,1736.68,278.29,38.62,2,0.23,316.91,21,1.9,189,,MD,,Full,
"Jenna Bisset",Session,0,4.04,-4.79,125,120,245,1.47,02:46:38,10947.35,1269.77,6.79,87.06,65.96,7.62,0.11,0,0,0,0,0,0,00:00:00,00:00:00,00:00:00,00:00:00,00:00:00,00:00:00,800.33,1113.96,263.33,3662.96,5045.16,1799.24,159.59,17.06,1,0.1,176.65,13,1.06,62,,MD,,Full,
"Hannah Boelscher",Session,0,3.27,-3.03,10,11,21,0.13,02:46:38,1560.61,240.26,4.75,57.97,9.37,1.44,0,0,0,0,0,0,0,00:00:00,00:00:00,00:00:00,00:00:00,00:00:00,00:00:00,102.69,68.76,199.03,818.54,496.45,46.47,0,0,0,0,0,0,0,7,,MD,,Full,
"Abby Buys",Session,0,3.56,-4.76,128,132,260,1.56,02:46:38,11791.9,1400.83,6.64,85.13,71.1,8.41,0.15,0,0,0,0,0,0,00:00:00,00:00:00,00:00:00,00:00:00,00:00:00,00:00:00,857.91,1192.1,240.84,3781.29,5159.45,2502.91,103.11,1.83,0,0.01,104.94,8,0.63,99,,MD,,Full,
"Shay Greff",Session,0,3.36,-3.33,13,12,25,0.15,02:46:38,2201.45,339.62,5.03,61.36,13.25,2.04,0.01,0,0,0,0,0,0,00:00:00,00:00:00,00:00:00,00:00:00,00:00:00,00:00:00,140.91,91.51,374.65,954.21,780.88,91.12,0,0,0,0,0,0,0,29,,MD,,Full,
"Ava Heil",Session,0,3.57,-3.89,8,10,18,0.11,02:46:38,1852.88,332.35,5.25,64.06,11.19,1.99,0.01,0,0,0,0,0,0,00:00:00,00:00:00,00:00:00,00:00:00,00:00:00,00:00:00,114.09,82.08,337.83,923.39,492.33,97.99,0,0,0,0,0,0,0,7,,MD,,Full,
"Kylee Jerome",Session,0,3.69,-4.24,60,65,125,0.75,02:46:38,5615.3,691.68,7.3,89.43,33.81,4.15,0.06,0,0,0,0,0,0,00:00:00,00:00:00,00:00:00,00:00:00,00:00:00,00:00:00,390.15,671.3,237.15,1898.28,2336.19,1063.62,60.6,16.1,1,0.1,76.7,4,0.46,33,,MD,,Full,
"Riley Johnson",Session,0,3.39,-4.16,65,72,137,0.82,02:46:38,6489.66,779.04,7.29,88.89,39.09,4.68,0.06,0,0,0,0,0,0,00:00:00,00:00:00,00:00:00,00:00:00,00:00:00,00:00:00,454.25,834.15,218.13,2157.5,2813.02,1119.1,175.49,6.26,1,0.04,181.75,11,1.09,39,,MD,,Full,
"Maddie Khan",Session,0,4.07,-5.47,65,81,146,0.88,02:46:38,8098.13,1021.34,7.01,82.04,48.6,6.13,0.09,0,0,0,0,0,0,00:00:00,00:00:00,00:00:00,00:00:00,00:00:00,00:00:00,580.08,863.46,235.93,2813.87,3743.63,1165.77,138.84,0,0,0,138.84,11,0.83,75,,MD,,Full,
"Gianna Masinter",Session,0,3.57,-3.82,74,69,143,0.86,02:46:38,10903.02,1210.97,7.5,95.13,66.15,7.27,0.1,0,0,0,0,0,0,00:00:00,00:00:00,00:00:00,00:00:00,00:00:00,00:00:00,772.48,830.05,215.86,4148.06,5010.53,1356.71,123.78,47.59,2,0.29,171.37,10,1.03,89,,MD,,Full,
"Kody McKinney",Session,0,3.01,-2.7,5,8,13,0.08,02:46:38,1535.07,252.33,4.38,53.45,9.26,1.51,0,0,0,0,0,0,0,00:00:00,00:00:00,00:00:00,00:00:00,00:00:00,00:00:00,96.32,36.45,215.27,863.37,416.2,39.42,0,0,0,0,0,0,0,13,,MD,,Full,
"Emma Naftzger",Session,0,3.87,-5.43,127,129,256,1.54,02:46:38,12680.79,1382.53,7.33,96.85,76.1,8.3,0.16,0,0,0,0,0,0,00:00:00,00:00:00,00:00:00,00:00:00,00:00:00,00:00:00,913.18,1314.7,210.57,3383.59,6099.89,2704.59,202.72,79.43,6,0.48,282.15,18,1.69,114,,MD,,Full,
"Grace Nelson",Session,0,3.74,-6.37,93,114,207,1.24,02:46:38,11194.34,1249.67,7.01,90.74,67.18,7.5,0.13,0,0,0,0,0,0,00:00:00,00:00:00,00:00:00,00:00:00,00:00:00,00:00:00,808.09,1358.73,238.64,3000.77,5285.16,2219.72,406.82,43,2,0.26,449.82,23,2.7,114,,MD,,Full,
"Nikki Ross",Session,0,3.65,-4.34,94,91,185,1.11,02:46:38,9275.1,1003.34,7.79,94.98,55.66,6.02,0.1,0,0,0,0,0,0,00:00:00,00:00:00,00:00:00,00:00:00,00:00:00,00:00:00,667.6,1160.29,276.28,2997.4,4063,1674.67,236.56,27.02,1,0.16,263.58,17,1.58,28,,MD,,Full,
"Maddy Saruwatari",Session,0,3.65,-4.04,95,110,205,1.23,02:46:38,11951.09,1381.84,6.99,89.63,71.72,8.29,0.13,0,0,0,0,0,0,00:00:00,00:00:00,00:00:00,00:00:00,00:00:00,00:00:00,823.02,1190.08,218.88,4128.73,5027.15,2371.38,189.32,15.2,2,0.09,204.52,17,1.23,86,,MD,,Full,
"Juliet Thrapp",Session,0,2.77,-2.91,6,3,9,0.05,02:46:38,1704.13,261.68,4.61,59.81,10.27,1.57,0,0,0,0,0,0,0,00:00:00,00:00:00,00:00:00,00:00:00,00:00:00,00:00:00,106.14,36.56,255.19,974.49,429.87,44.58,0,0,0,0,0,0,0,9,,MD,,Full,
"Priya Torres",Session,0,4.22,-4.79,84,74,158,0.95,02:46:38,8414.65,874.39,7.29,93.23,50.64,5.25,0.1,0,0,0,0,0,0,00:00:00,00:00:00,00:00:00,00:00:00,00:00:00,00:00:00,604.41,1096.12,154.03,3512.51,2742.51,1652.32,289.12,64.16,2,0.39,353.28,23,2.12,120,,MD,,Full,
"Leah Uezato",Session,0,3.06,-2.75,11,6,17,0.1,02:46:38,1499.32,251.98,5.67,28.77,9.1,1.51,0,0,0,0,0,0,0,00:00:00,00:00:00,00:00:00,00:00:00,00:00:00,00:00:00,92.97,60.14,423.37,1023.44,52.06,0,0,0,0,0,0,0,0,4,,MD,,Full,
"Jade Vachek",Session,0,3.41,-2.99,10,7,17,0.1,02:46:38,1601.64,231.82,5.09,63.14,9.63,1.39,0,0,0,0,0,0,0,00:00:00,00:00:00,00:00:00,00:00:00,00:00:00,00:00:00,101.43,46.7,234.62,860.87,452.37,53.79,0,0,0,0,0,0,0,5,,MD,,Full,
"Abby Wright",Session,0,3.63,-6.28,57,55,112,0.67,02:46:38,6136.78,757.6,7.66,87.06,37,4.55,0.06,0,0,0,0,0,0,00:00:00,00:00:00,00:00:00,00:00:00,00:00:00,00:00:00,422.7,731.22,231.39,2430.24,2513.16,893.89,60.02,7.56,1,0.05,67.58,2,0.41,18,,MD,,Full,
"Madi Audet","Period 1",1,2.67,-2.05,8,2,10,0.06,02:46:38,1596.37,235.02,4.53,64.66,9.58,1.41,0,0,0,0,0,0,0,00:00:00,00:00:00,00:00:00,00:00:00,00:00:00,00:00:00,102.02,35.06,83.57,923.78,510.89,78.14,0,0,0,0,0,0,0,4,,MD,,Full,,
"Molly Bachman","Period 1",1,3.96,-4.89,129,138,267,1.6,02:46:38,11191.91,1254.17,7.5,94.48,67.74,7.53,0.11,0,0,0,0,0,0,00:00:00,00:00:00,00:00:00,00:00:00,00:00:00,00:00:00,815.94,1299.89,255.51,4369.29,4512.78,1736.68,278.29,38.62,2,0.23,316.91,21,1.9,189,,MD,,Full,,
"Jenna Bisset","Period 1",1,4.04,-4.79,125,120,245,1.47,02:46:38,10947.35,1269.77,6.79,87.06,65.96,7.62,0.11,0,0,0,0,0,0,00:00:00,00:00:00,00:00:00,00:00:00,00:00:00,00:00:00,800.33,1113.96,263.33,3662.96,5045.16,1799.24,159.59,17.06,1,0.1,176.65,13,1.06,62,,MD,,Full,,
"Hannah Boelscher","Period 1",1,3.27,-3.03,10,11,21,0.13,02:46:38,1560.61,240.26,4.75,57.97,9.37,1.44,0,0,0,0,0,0,0,00:00:00,00:00:00,00:00:00,00:00:00,00:00:00,00:00:00,102.69,68.76,199.03,818.54,496.45,46.47,0,0,0,0,0,0,0,7,,MD,,Full,,
"Abby Buys","Period 1",1,3.56,-4.76,128,132,260,1.56,02:46:38,11791.9,1400.83,6.64,85.13,71.1,8.41,0.15,0,0,0,0,0,0,00:00:00,00:00:00,00:00:00,00:00:00,00:00:00,00:00:00,857.91,1192.1,240.84,3781.29,5159.45,2502.91,103.11,1.83,0,0.01,104.94,8,0.63,99,,MD,,Full,,
"Shay Greff","Period 1",1,3.36,-3.33,13,12,25,0.15,02:46:38,2201.45,339.62,5.03,61.36,13.25,2.04,0.01,0,0,0,0,0,0,00:00:00,00:00:00,00:00:00,00:00:00,00:00:00,00:00:00,140.91,91.51,374.65,954.21,780.88,91.12,0,0,0,0,0,0,0,29,,MD,,Full,,
"Ava Heil","Period 1",1,3.57,-3.89,8,10,18,0.11,02:46:38,1852.88,332.35,5.25,64.06,11.19,1.99,0.01,0,0,0,0,0,0,00:00:00,00:00:00,00:00:00,00:00:00,00:00:00,00:00:00,114.09,82.08,337.83,923.39,492.33,97.99,0,0,0,0,0,0,0,7,,MD,,Full,,
"Kylee Jerome","Period 1",1,3.69,-4.24,60,65,125,0.75,02:46:38,5615.3,691.68,7.3,89.43,33.81,4.15,0.06,0,0,0,0,0,0,00:00:00,00:00:00,00:00:00,00:00:00,00:00:00,00:00:00,390.15,671.3,237.15,1898.28,2336.19,1063.62,60.6,16.1,1,0.1,76.7,4,0.46,33,,MD,,Full,,
"Riley Johnson","Period 1",1,3.39,-4.16,65,72,137,0.82,02:46:38,6489.66,779.04,7.29,88.89,39.09,4.68,0.06,0,0,0,0,0,0,00:00:00,00:00:00,00:00:00,00:00:00,00:00:00,00:00:00,454.25,834.15,218.13,2157.5,2813.02,1119.1,175.49,6.26,1,0.04,181.75,11,1.09,39,,MD,,Full,,
"Maddie Khan","Period 1",1,4.07,-5.47,65,81,146,0.88,02:46:38,8098.13,1021.34,7.01,82.04,48.6,6.13,0.09,0,0,0,0,0,0,00:00:00,00:00:00,00:00:00,00:00:00,00:00:00,00:00:00,580.08,863.46,235.93,2813.87,3743.63,1165.77,138.84,0,0,0,138.84,11,0.83,75,,MD,,Full,,
"Gianna Masinter","Period 1",1,3.57,-3.82,74,69,143,0.86,02:46:38,10903.02,1210.97,7.5,95.13,66.15,7.27,0.1,0,0,0,0,0,0,00:00:00,00:00:00,00:00:00,00:00:00,00:00:00,00:00:00,772.48,830.05,215.86,4148.06,5010.53,1356.71,123.78,47.59,2,0.29,171.37,10,1.03,89,,MD,,Full,,
"Kody McKinney","Period 1",1,3.01,-2.7,5,8,13,0.08,02:46:38,1535.07,252.33,4.38,53.45,9.26,1.51,0,0,0,0,0,0,0,00:00:00,00:00:00,00:00:00,00:00:00,00:00:00,00:00:00,96.32,36.45,215.27,863.37,416.2,39.42,0,0,0,0,0,0,0,13,,MD,,Full,,
"Emma Naftzger","Period 1",1,3.87,-5.43,127,129,256,1.54,02:46:38,12680.79,1382.53,7.33,96.85,76.1,8.3,0.16,0,0,0,0,0,0,00:00:00,00:00:00,00:00:00,00:00:00,00:00:00,00:00:00,913.18,1314.7,210.57,3383.59,6099.89,2704.59,202.72,79.43,6,0.48,282.15,18,1.69,114,,MD,,Full,,
"Grace Nelson","Period 1",1,3.74,-6.37,93,114,207,1.24,02:46:38,11194.34,1249.67,7.01,90.74,67.18,7.5,0.13,0,0,0,0,0,0,00:00:00,00:00:00,00:00:00,00:00:00,00:00:00,00:00:00,808.09,1358.73,238.64,3000.77,5285.16,2219.72,406.82,43,2,0.26,449.82,23,2.7,114,,MD,,Full,,
"Nikki Ross","Period 1",1,3.65,-4.34,94,91,185,1.11,02:46:38,9275.1,1003.34,7.79,94.98,55.66,6.02,0.1,0,0,0,0,0,0,00:00:00,00:00:00,00:00:00,00:00:00,00:00:00,00:00:00,667.6,1160.29,276.28,2997.4,4063,1674.67,236.56,27.02,1,0.16,263.58,17,1.58,28,,MD,,Full,,
"Maddy Saruwatari","Period 1",1,3.65,-4.04,95,110,205,1.23,02:46:38,11951.09,1381.84,6.99,89.63,71.72,8.29,0.13,0,0,0,0,0,0,00:00:00,00:00:00,00:00:00,00:00:00,00:00:00,00:00:00,823.02,1190.08,218.88,4128.73,5027.15,2371.38,189.32,15.2,2,0.09,204.52,17,1.23,86,,MD,,Full,,
"Juliet Thrapp","Period 1",1,2.77,-2.91,6,3,9,0.05,02:46:38,1704.13,261.68,4.61,59.81,10.27,1.57,0,0,0,0,0,0,0,00:00:00,00:00:00,00:00:00,00:00:00,00:00:00,00:00:00,106.14,36.56,255.19,974.49,429.87,44.58,0,0,0,0,0,0,0,9,,MD,,Full,,
"Priya Torres","Period 1",1,4.22,-4.79,84,74,158,0.95,02:46:38,8414.65,874.39,7.29,93.23,50.64,5.25,0.1,0,0,0,0,0,0,00:00:00,00:00:00,00:00:00,00:00:00,00:00:00,00:00:00,604.41,1096.12,154.03,3512.51,2742.51,1652.32,289.12,64.16,2,0.39,353.28,23,2.12,120,,MD,,Full,,
"Leah Uezato","Period 1",1,3.06,-2.75,11,6,17,0.1,02:46:38,1499.32,251.98,5.67,28.77,9.1,1.51,0,0,0,0,0,0,0,00:00:00,00:00:00,00:00:00,00:00:00,00:00:00,00:00:00,92.97,60.14,423.37,1023.44,52.06,0,0,0,0,0,0,0,0,4,,MD,,Full,,
"Jade Vachek","Period 1",1,3.41,-2.99,10,7,17,0.1,02:46:38,1601.64,231.82,5.09,63.14,9.63,1.39,0,0,0,0,0,0,0,00:00:00,00:00:00,00:00:00,00:00:00,00:00:00,00:00:00,101.43,46.7,234.62,860.87,452.37,53.79,0,0,0,0,0,0,0,5,,MD,,Full,,
"Abby Wright","Period 1",1,3.63,-6.28,57,55,112,0.67,02:46:38,6136.78,757.6,7.66,87.06,37,4.55,0.06,0,0,0,0,0,0,00:00:00,00:00:00,00:00:00,00:00:00,00:00:00,00:00:00,422.7,731.22,231.39,2430.24,2513.16,893.89,60.02,7.56,1,0.05,67.58,2,0.41,18,,MD,,Full,,
