Date:,03/09/2026
"Start Time:",13:41:57
"Unix Start Time:",1788468117
Duration:,16979
"Num Players:",16
"Num Periods:",1
"Num Parameters:",40
"Logo Path:",https://clprototype.s3.amazonaws.com//titan/upload/file/alt/hMTfINKQSHhuOedgAGPP08auxtaaM8MwfUw1xmvC.jpg?X-Amz-Content-Sha256=UNSIGNED-PAYLOAD&X-Amz-Algorithm=AWS4-HMAC-SHA256&X-Amz-Credential=AKIAWE24RTRBE46FX3JB%2F20260905%2Fus-east-1%2Fs3%2Faws4_request&X-Amz-Date=20260905T061613Z&X-Amz-SignedHeaders=host&X-Amz-Expires=-1787984173&X-Amz-Signature=06588cb96b3aaf9516766a949fdd8ee0b95b6ca9b35408d1195d2f1d4e756c2e
,
"Player Name","Period Name","Period Number","Max Acceleration","Max Deceleration","Acceleration Efforts","Deceleration Efforts","Accel + Decel Efforts","Accel + Decel Efforts Per Minute",Duration,Distance,"Player Load","Max Velocity","Max Vel (% Max)","Meterage Per Minute","Player Load Per Minute","Work/Rest Ratio","Max Heart Rate","Avg Heart Rate","Max HR (% Max)","Avg HR (% Max)","HR Exertion","Red Zone","Heart Rate Band 1 Duration","Heart Rate Band 2 Duration","Heart Rate Band 3 Duration","Heart Rate Band 4 Duration","Heart Rate Band 5 Duration","Heart Rate Band 6 Duration",Energy,"High Metabolic Load Distance","Standing Distance","Walking Distance","Jogging Distance","Running Distance","HI Distance","Sprint Distance","Sprint Efforts","Sprint Dist Per Min","High Speed Distance","High Speed Efforts","High Speed Distance Per Minute",Impacts,"Athlete Tags","Activity Tags","Game Tags","Athlete Participation Tags","Period Tags",
"Jenna Bisset",Session,0,3.92,-5.08,116,130,246,1.21,03:22:58,12768.68,1403.23,7.28,93.39,63.08,6.91,0.11,0,0,0,0,0,0,00:00:00,00:00:00,00:00:00,00:00:00,00:00:00,00:00:00,915.72,1230.52,294.52,4253.96,5776.69,2150.48,201.96,91.11,5,0.45,293.07,20,1.44,97,,,,Full,
"Hannah Boelscher",Session,0,2.97,-3.8,17,15,32,0.15,03:30:14,1850.34,287.78,5.08,58.38,8.84,1.37,0.01,0,0,0,0,0,0,00:00:00,00:00:00,00:00:00,00:00:00,00:00:00,00:00:00,119.06,100.88,254.27,1028.4,449.93,117.43,0,0,0,0,0,0,0,20,,,,Full,
"Abby Buys",Session,0,4.06,-5.04,111,113,224,1.07,03:29:16,12301.83,1436.82,6.91,88.53,58.97,6.87,0.09,0,0,0,0,0,0,00:00:00,00:00:00,00:00:00,00:00:00,00:00:00,00:00:00,878.49,1091.95,249.31,4820.76,5136.65,1888.58,180.79,25.74,1,0.12,206.53,14,0.99,100,,,,Full,
"Kaleia Coughlin",Session,0,3.03,-3.83,11,11,22,0.11,03:25:01,2133.35,302.77,6.1,70.09,10.44,1.48,0.01,0,0,0,0,0,0,00:00:00,00:00:00,00:00:00,00:00:00,00:00:00,00:00:00,135.42,111.78,269.98,1195.25,572.31,95.81,0,0,0,0,0,0,0,4,,,,Full,
"Shay Greff",Session,0,3.33,-4.74,33,34,67,0.32,03:30:05,4371.79,520.25,6.82,78.34,20.88,2.48,0.02,0,0,0,0,0,0,00:00:00,00:00:00,00:00:00,00:00:00,00:00:00,00:00:00,291.57,315.87,313.36,1896.37,1822.74,309.87,29.28,0,0,0,29.28,2,0.14,30,,,,Full,
"Ava Heil",Session,0,3.33,-3.98,12,9,21,0.1,03:30:07,2309.79,327.85,5.5,63.19,11.03,1.56,0,0,0,0,0,0,0,00:00:00,00:00:00,00:00:00,00:00:00,00:00:00,00:00:00,145.11,88.64,289.88,1424.59,528.13,66.95,0,0,0,0,0,0,0,6,,,,Full,
"Kylee Jerome",Session,0,4.3,-4.79,69,81,150,0.73,03:25:25,7167.51,808.63,6.56,80.38,34.98,3.94,0.06,0,0,0,0,0,0,00:00:00,00:00:00,00:00:00,00:00:00,00:00:00,00:00:00,495.11,779.38,234.49,2439.26,3102.54,1312.68,73.65,4.35,0,0.02,78,6,0.38,117,,,,Full,
"Riley Johnson",Session,0,3.6,-6.25,76,70,146,0.7,03:29:50,6883.23,831.57,7.12,81.8,32.89,3.96,0.05,0,0,0,0,0,0,00:00:00,00:00:00,00:00:00,00:00:00,00:00:00,00:00:00,477.8,799.96,261.95,2391.86,3138.63,1051.43,33.86,5.52,1,0.03,39.38,2,0.19,46,,,,Full,
"Lila Jones",Session,0,0.45,-0.39,0,0,0,0,04:42:58,144.02,39.83,1.83,21,0.51,0.14,0,0,0,0,0,0,0,00:00:00,00:00:00,00:00:00,00:00:00,00:00:00,00:00:00,8.88,0,14.38,126.83,2.81,0,0,0,0,0,0,0,0,0,,,,Full,
"Gianna Masinter",Session,0,3.83,-4.83,80,87,167,0.82,03:23:45,12204.95,1344.57,6.92,87.85,60.27,6.6,0.09,0,0,0,0,0,0,00:00:00,00:00:00,00:00:00,00:00:00,00:00:00,00:00:00,858.28,966.73,258.97,4989.07,5269.33,1491.07,146.2,50.08,4,0.25,196.28,10,0.96,93,,,,Full,
"Emma Naftzger",Session,0,3.59,-4.49,109,112,221,1.08,03:23:47,11928.03,1302.82,6.65,87.83,58.68,6.39,0.11,0,0,0,0,0,0,00:00:00,00:00:00,00:00:00,00:00:00,00:00:00,00:00:00,850.18,1180.66,257.46,3394.15,5285.91,2748.22,192.65,49.64,4,0.24,242.29,20,1.19,113,,,,Full,
"Grace Nelson",Session,0,3.56,-5.11,68,89,157,0.75,03:29:22,11916.45,1287.43,7.4,95.73,57.18,6.15,0.09,0,0,0,0,0,0,00:00:00,00:00:00,00:00:00,00:00:00,00:00:00,00:00:00,836.36,950.35,262.13,3546.52,5985.11,1950.6,114.23,57.86,4,0.28,172.09,9,0.82,92,,,,Full,
"Nikki Ross",Session,0,3.83,-5.26,110,115,225,1.07,03:30:28,12402.84,1341.09,6.6,80.49,59.12,6.37,0.11,0,0,0,0,0,0,00:00:00,00:00:00,00:00:00,00:00:00,00:00:00,00:00:00,880.41,1274.31,302.72,4101.38,5551.45,2289.08,157.32,0.6,0,0,157.92,6,0.75,59,,,,Full,
"Maddy Saruwatari",Session,0,3.8,-4.84,111,118,229,1.09,03:29:55,11602.85,1364.8,6.79,87.03,55.41,6.5,0.1,0,0,0,0,0,0,00:00:00,00:00:00,00:00:00,00:00:00,00:00:00,00:00:00,803.14,1195.96,262.51,4065.24,4677.87,2382.07,163.14,51.83,3,0.25,214.97,17,1.02,106,,,,Full,
"Juliet Thrapp",Session,0,2.55,-2.77,6,7,13,0.06,03:30:44,2354.43,303.46,4.98,64.6,11.22,1.44,0,0,0,0,0,0,0,00:00:00,00:00:00,00:00:00,00:00:00,00:00:00,00:00:00,146.3,54.47,264.66,1530.05,503.62,55.97,0,0,0,0,0,0,0,6,,,,Full,
"Jade Vachek",Session,0,2.61,-2.92,9,8,17,0.08,03:29:59,2046.79,286.27,5.46,67.71,9.78,1.36,0,0,0,0,0,0,0,00:00:00,00:00:00,00:00:00,00:00:00,00:00:00,00:00:00,127.87,59.96,249.04,1256.96,462.48,78.31,0,0,0,0,0,0,0,7,,,,Full,
"Jenna Bisset","Auto Created Period",1,3.92,-5.08,116,130,246,1.21,03:22:58,12768.68,1403.23,7.28,93.39,63.08,6.91,0.11,0,0,0,0,0,0,00:00:00,00:00:00,00:00:00,00:00:00,00:00:00,00:00:00,915.72,1230.52,294.52,4253.96,5776.69,2150.48,201.96,91.11,5,0.45,293.07,20,1.44,97,,,,Full,,
"Hannah Boelscher","Auto Created Period",1,2.97,-3.8,17,15,32,0.15,03:30:14,1850.34,287.78,5.08,58.38,8.84,1.37,0.01,0,0,0,0,0,0,00:00:00,00:00:00,00:00:00,00:00:00,00:00:00,00:00:00,119.06,100.88,254.27,1028.4,449.93,117.43,0,0,0,0,0,0,0,20,,,,Full,,
"Abby Buys","Auto Created Period",1,4.06,-5.04,111,113,224,1.07,03:29:16,12301.83,1436.82,6.91,88.53,58.97,6.87,0.09,0,0,0,0,0,0,00:00:00,00:00:00,00:00:00,00:00:00,00:00:00,00:00:00,878.49,1091.95,249.31,4820.76,5136.65,1888.58,180.79,25.74,1,0.12,206.53,14,0.99,100,,,,Full,,
"Kaleia Coughlin","Auto Created Period",1,3.03,-3.83,11,11,22,0.11,03:25:01,2133.35,302.77,6.1,70.09,10.44,1.48,0.01,0,0,0,0,0,0,00:00:00,00:00:00,00:00:00,00:00:00,00:00:00,00:00:00,135.42,111.78,269.98,1195.25,572.31,95.81,0,0,0,0,0,0,0,4,,,,Full,,
"Shay Greff","Auto Created Period",1,3.33,-4.74,33,34,67,0.32,03:30:05,4371.79,520.25,6.82,78.34,20.88,2.48,0.02,0,0,0,0,0,0,00:00:00,00:00:00,00:00:00,00:00:00,00:00:00,00:00:00,291.57,315.87,313.36,1896.37,1822.74,309.87,29.28,0,0,0,29.28,2,0.14,30,,,,Full,,
"Ava Heil","Auto Created Period",1,3.33,-3.98,12,9,21,0.1,03:30:07,2309.79,327.85,5.5,63.19,11.03,1.56,0,0,0,0,0,0,0,00:00:00,00:00:00,00:00:00,00:00:00,00:00:00,00:00:00,145.11,88.64,289.88,1424.59,528.13,66.95,0,0,0,0,0,0,0,6,,,,Full,,
"Kylee Jerome","Auto Created Period",1,4.3,-4.79,69,81,150,0.73,03:25:25,7167.51,808.63,6.56,80.38,34.98,3.94,0.06,0,0,0,0,0,0,00:00:00,00:00:00,00:00:00,00:00:00,00:00:00,00:00:00,495.11,779.38,234.49,2439.26,3102.54,1312.68,73.65,4.35,0,0.02,78,6,0.38,117,,,,Full,,
"Riley Johnson","Auto Created Period",1,3.6,-6.25,76,70,146,0.7,03:29:50,6883.23,831.57,7.12,81.8,32.89,3.96,0.05,0,0,0,0,0,0,00:00:00,00:00:00,00:00:00,00:00:00,00:00:00,00:00:00,477.8,799.96,261.95,2391.86,3138.63,1051.43,33.86,5.52,1,0.03,39.38,2,0.19,46,,,,Full,,
"Lila Jones","Auto Created Period",1,0.45,-0.39,0,0,0,0,04:42:58,144.02,39.83,1.83,21,0.51,0.14,0,0,0,0,0,0,0,00:00:00,00:00:00,00:00:00,00:00:00,00:00:00,00:00:00,8.88,0,14.38,126.83,2.81,0,0,0,0,0,0,0,0,0,,,,Full,,
"Gianna Masinter","Auto Created Period",1,3.83,-4.83,80,87,167,0.82,03:23:45,12204.95,1344.57,6.92,87.85,60.27,6.6,0.09,0,0,0,0,0,0,00:00:00,00:00:00,00:00:00,00:00:00,00:00:00,00:00:00,858.28,966.73,258.97,4989.07,5269.33,1491.07,146.2,50.08,4,0.25,196.28,10,0.96,93,,,,Full,,
"Emma Naftzger","Auto Created Period",1,3.59,-4.49,109,112,221,1.08,03:23:47,11928.03,1302.82,6.65,87.83,58.68,6.39,0.11,0,0,0,0,0,0,00:00:00,00:00:00,00:00:00,00:00:00,00:00:00,00:00:00,850.18,1180.66,257.46,3394.15,5285.91,2748.22,192.65,49.64,4,0.24,242.29,20,1.19,113,,,,Full,,
"Grace Nelson","Auto Created Period",1,3.56,-5.11,68,89,157,0.75,03:29:22,11916.45,1287.43,7.4,95.73,57.18,6.15,0.09,0,0,0,0,0,0,00:00:00,00:00:00,00:00:00,00:00:00,00:00:00,00:00:00,836.36,950.35,262.13,3546.52,5985.11,1950.6,114.23,57.86,4,0.28,172.09,9,0.82,92,,,,Full,,
"Nikki Ross","Auto Created Period",1,3.83,-5.26,110,115,225,1.07,03:30:28,12402.84,1341.09,6.6,80.49,59.12,6.37,0.11,0,0,0,0,0,0,00:00:00,00:00:00,00:00:00,00:00:00,00:00:00,00:00:00,880.41,1274.31,302.72,4101.38,5551.45,2289.08,157.32,0.6,0,0,157.92,6,0.75,59,,,,Full,,
"Maddy Saruwatari","Auto Created Period",1,3.8,-4.84,111,118,229,1.09,03:29:55,11602.85,1364.8,6.79,87.03,55.41,6.5,0.1,0,0,0,0,0,0,00:00:00,00:00:00,00:00:00,00:00:00,00:00:00,00:00:00,803.14,1195.96,262.51,4065.24,4677.87,2382.07,163.14,51.83,3,0.25,214.97,17,1.02,106,,,,Full,,
"Juliet Thrapp","Auto Created Period",1,2.55,-2.77,6,7,13,0.06,03:30:44,2354.43,303.46,4.98,64.6,11.22,1.44,0,0,0,0,0,0,0,00:00:00,00:00:00,00:00:00,00:00:00,00:00:00,00:00:00,146.3,54.47,264.66,1530.05,503.62,55.97,0,0,0,0,0,0,0,6,,,,Full,,
"Jade Vachek","Auto Created Period",1,2.61,-2.92,9,8,17,0.08,03:29:59,2046.79,286.27,5.46,67.71,9.78,1.36,0,0,0,0,0,0,0,00:00:00,00:00:00,00:00:00,00:00:00,00:00:00,00:00:00,127.87,59.96,249.04,1256.96,462.48,78.31,0,0,0,0,0,0,0,7,,,,Full,,
