Date:,07/09/2026
"Start Time:",16:17:51
"Unix Start Time:",1788823071
Duration:,2076
"Num Players:",5
"Num Periods:",1
"Num Parameters:",40
"Logo Path:",https://clprototype.s3.amazonaws.com//titan/upload/file/alt/hMTfINKQSHhuOedgAGPP08auxtaaM8MwfUw1xmvC.jpg?X-Amz-Content-Sha256=UNSIGNED-PAYLOAD&X-Amz-Algorithm=AWS4-HMAC-SHA256&X-Amz-Credential=AKIAWE24RTRBE46FX3JB%2F20260908%2Fus-east-1%2Fs3%2Faws4_request&X-Amz-Date=20260908T022622Z&X-Amz-SignedHeaders=host&X-Amz-Expires=-1788229582&X-Amz-Signature=8a44e72fa13f775504b812a0a31e1f95bf5df9e74c6e168ea9559d5e2575379c
,
"Player Name","Period Name","Period Number","Max Acceleration","Max Deceleration","Acceleration Efforts","Deceleration Efforts","Accel + Decel Efforts","Accel + Decel Efforts Per Minute",Duration,Distance,"Player Load","Max Velocity","Max Vel (% Max)","Meterage Per Minute","Player Load Per Minute","Work/Rest Ratio","Max Heart Rate","Avg Heart Rate","Max HR (% Max)","Avg HR (% Max)","HR Exertion","Red Zone","Heart Rate Band 1 Duration","Heart Rate Band 2 Duration","Heart Rate Band 3 Duration","Heart Rate Band 4 Duration","Heart Rate Band 5 Duration","Heart Rate Band 6 Duration",Energy,"High Metabolic Load Distance","Standing Distance","Walking Distance","Jogging Distance","Running Distance","HI Distance","Sprint Distance","Sprint Efforts","Sprint Dist Per Min","High Speed Distance","High Speed Efforts","High Speed Distance Per Minute",Impacts,"Athlete Tags","Activity Tags","Game Tags","Athlete Participation Tags","Period Tags",
"Ava Heil",Session,0,3.57,-4.62,40,49,89,2.57,00:34:36,3229.71,371.57,6.26,76.3,93.34,10.74,0.2,0,0,0,0,0,0,00:00:00,00:00:00,00:00:00,00:00:00,00:00:00,00:00:00,234.16,494.22,33.41,971,1568.64,588.17,67.63,0,0,0,67.63,4,1.95,53,,,,Full,
"Lila Jones",Session,0,0,0,0,0,0,0,00:34:36,0,2.7,0.07,0.9,0,0.08,0,0,0,0,0,0,0,00:00:00,00:00:00,00:00:00,00:00:00,00:00:00,00:00:00,0.01,0,0,0,0,0,0,0,0,0,0,0,0,0,,,,Full,
"Kody McKinney",Session,0,3.64,-4.39,45,47,92,2.66,00:34:36,2572.95,272.73,6.45,78.67,74.36,7.88,0.1,0,0,0,0,0,0,00:00:00,00:00:00,00:00:00,00:00:00,00:00:00,00:00:00,187.8,403.2,35.79,1064.3,970.96,355.63,146.09,0,0,0,146.09,8,4.22,23,,,,Full,
"Jade Vachek",Session,0,3.91,-4.27,39,40,79,2.28,00:34:36,2768.57,288.49,6.62,82.15,80.02,8.34,0.11,0,0,0,0,0,0,00:00:00,00:00:00,00:00:00,00:00:00,00:00:00,00:00:00,199.94,434.52,36.54,1030.12,1199.6,310.01,192.08,0,0,0,192.08,10,5.55,11,,,,Full,
"Abby Wright",Session,0,1.49,-2.31,0,1,1,0.03,00:34:36,749.01,81.66,3.21,39.13,21.65,2.36,0,0,0,0,0,0,0,00:00:00,00:00:00,00:00:00,00:00:00,00:00:00,00:00:00,39.98,1.93,118.05,563.09,67.54,0,0,0,0,0,0,0,0,57,,,,Full,
"Ava Heil","Period 1",1,3.57,-4.62,40,49,89,2.57,00:34:36,3229.71,371.57,6.26,76.3,93.34,10.74,0.2,0,0,0,0,0,0,00:00:00,00:00:00,00:00:00,00:00:00,00:00:00,00:00:00,234.16,494.22,33.41,971,1568.64,588.17,67.63,0,0,0,67.63,4,1.95,53,,,,Full,,
"Lila Jones","Period 1",1,0,0,0,0,0,0,00:34:36,0,2.7,0.07,0.9,0,0.08,0,0,0,0,0,0,0,00:00:00,00:00:00,00:00:00,00:00:00,00:00:00,00:00:00,0.01,0,0,0,0,0,0,0,0,0,0,0,0,0,,,,Full,,
"Kody McKinney","Period 1",1,3.64,-4.39,45,47,92,2.66,00:34:36,2572.95,272.73,6.45,78.67,74.36,7.88,0.1,0,0,0,0,0,0,00:00:00,00:00:00,00:00:00,00:00:00,00:00:00,00:00:00,187.8,403.2,35.79,1064.3,970.96,355.63,146.09,0,0,0,146.09,8,4.22,23,,,,Full,,
"Jade Vachek","Period 1",1,3.91,-4.27,39,40,79,2.28,00:34:36,2768.57,288.49,6.62,82.15,80.02,8.34,0.11,0,0,0,0,0,0,00:00:00,00:00:00,00:00:00,00:00:00,00:00:00,00:00:00,199.94,434.52,36.54,1030.12,1199.6,310.01,192.08,0,0,0,192.08,10,5.55,11,,,,Full,,
"Abby Wright","Period 1",1,1.49,-2.31,0,1,1,0.03,00:34:36,749.01,81.66,3.21,39.13,21.65,2.36,0,0,0,0,0,0,0,00:00:00,00:00:00,00:00:00,00:00:00,00:00:00,00:00:00,39.98,1.93,118.05,563.09,67.54,0,0,0,0,0,0,0,0,57,,,,Full,,
