Date:,05/09/2026
"Start Time:",13:37:01
"Unix Start Time:",1788640621
Duration:,26621
"Num Players:",19
"Num Periods:",2
"Num Parameters:",40
"Logo Path:",https://clprototype.s3.amazonaws.com//titan/upload/file/alt/hMTfINKQSHhuOedgAGPP08auxtaaM8MwfUw1xmvC.jpg?X-Amz-Content-Sha256=UNSIGNED-PAYLOAD&X-Amz-Algorithm=AWS4-HMAC-SHA256&X-Amz-Credential=AKIAWE24RTRBE46FX3JB%2F20260908%2Fus-east-1%2Fs3%2Faws4_request&X-Amz-Date=20260908T023544Z&X-Amz-SignedHeaders=host&X-Amz-Expires=-1788230144&X-Amz-Signature=07050b901fa81629dd55fa8e588c642ce3e3e5d89910bd6462b26b2edd2a7332
,
"Player Name","Period Name","Period Number","Max Acceleration","Max Deceleration","Acceleration Efforts","Deceleration Efforts","Accel + Decel Efforts","Accel + Decel Efforts Per Minute",Duration,Distance,"Player Load","Max Velocity","Max Vel (% Max)","Meterage Per Minute","Player Load Per Minute","Work/Rest Ratio","Max Heart Rate","Avg Heart Rate","Max HR (% Max)","Avg HR (% Max)","HR Exertion","Red Zone","Heart Rate Band 1 Duration","Heart Rate Band 2 Duration","Heart Rate Band 3 Duration","Heart Rate Band 4 Duration","Heart Rate Band 5 Duration","Heart Rate Band 6 Duration",Energy,"High Metabolic Load Distance","Standing Distance","Walking Distance","Jogging Distance","Running Distance","HI Distance","Sprint Distance","Sprint Efforts","Sprint Dist Per Min","High Speed Distance","High Speed Efforts","High Speed Distance Per Minute",Impacts,"Athlete Tags","Activity Tags","Game Tags","Athlete Participation Tags","Period Tags",
"Madi Audet",Session,0,9.81,-7.57,102,54,156,0.57,04:36:05,27832.34,900.94,34.03,485.17,101.03,3.26,1.02,0,0,0,0,0,0,00:00:00,00:00:00,00:00:00,00:00:00,00:00:00,00:00:00,13064.99,25639.94,58.52,651.71,174,464.57,654.14,824.55,62,2.99,1478.69,63,5.36,0,,MD,,Full,
"Molly Bachman",Session,0,1.73,-1.72,0,0,0,0,02:45:00,308.6,36.75,3.64,45.87,1.87,0.22,0.01,0,0,0,0,0,0,00:00:00,00:00:00,00:00:00,00:00:00,00:00:00,00:00:00,20.2,1.47,35.06,154.87,117.51,1.02,0,0,0,0,0,0,0,0,,MD,,Full,
"Jenna Bisset",Session,0,3.1,-3.9,11,17,28,0.81,00:34:43,1932.88,260.73,5.46,69.97,55.68,7.51,0.05,0,0,0,0,0,0,00:00:00,00:00:00,00:00:00,00:00:00,00:00:00,00:00:00,138.74,88.8,97.14,903.27,747.14,185.55,0,0,0,0,0,0,0,28,,MD,,Full,
"Abby Buys",Session,0,3.29,-3.96,13,15,28,1.08,00:25:52,1417.95,199.18,5.64,72.32,54.82,7.7,0.04,0,0,0,0,0,0,00:00:00,00:00:00,00:00:00,00:00:00,00:00:00,00:00:00,101.02,86.7,64.97,704.59,559.17,85.5,3.65,0,0,0,3.65,1,0.14,9,,MD,,Full,
"Kaleia Coughlin",Session,0,3.28,-2.59,9,8,17,0.1,02:45:00,1388.45,221.64,5.4,65.86,8.41,1.34,0.02,0,0,0,0,0,0,00:00:00,00:00:00,00:00:00,00:00:00,00:00:00,00:00:00,91.41,73.45,109.24,760.92,436.05,80.77,0,0,0,0,0,0,0,16,,MD,,Full,
"Ava Heil",Session,0,3.39,-3.82,16,14,30,0.18,02:45:00,2050.39,310.13,6.05,73.82,12.43,1.88,0.02,0,0,0,0,0,0,00:00:00,00:00:00,00:00:00,00:00:00,00:00:00,00:00:00,137.68,116.86,138.12,1084.52,674.87,145.26,6.65,0,0,0,6.65,1,0.04,17,,MD,,Full,
"Kylee Jerome",Session,0,3.43,-3.98,15,18,33,0.2,02:45:00,1627.71,205.72,5.27,64.54,9.86,1.25,0.02,0,0,0,0,0,0,00:00:00,00:00:00,00:00:00,00:00:00,00:00:00,00:00:00,115.31,101.52,103.53,812.82,652.42,58.82,0,0,0,0,0,0,0,11,,MD,,Full,
"Riley Johnson",Session,0,9.88,-7.56,115,60,175,0.63,04:36:04,27346.82,809.09,34.03,415,99.27,2.93,1.01,0,0,0,0,0,0,00:00:00,00:00:00,00:00:00,00:00:00,00:00:00,00:00:00,13260.83,25289.87,99.41,637.39,207.43,780.71,965.99,1072.78,75,3.89,2038.77,83,7.39,0,,MD,,Full,
"Lila Jones",Session,0,0,0,0,0,0,0,00:30:32,0,2.41,0.11,1.39,0,0.08,0,0,0,0,0,0,0,00:00:00,00:00:00,00:00:00,00:00:00,00:00:00,00:00:00,0.03,0,0,0,0,0,0,0,0,0,0,0,0,0,,MD,,Full,
"Maddie Khan",Session,0,3.62,-3.88,23,25,48,0.29,02:45:00,2309.62,313.37,6.57,76.88,14,1.9,0.04,0,0,0,0,0,0,00:00:00,00:00:00,00:00:00,00:00:00,00:00:00,00:00:00,165.73,225.07,121.46,1082.66,901.57,192.93,6.7,0,0,0,6.7,1,0.04,25,,MD,,Full,
"Gianna Masinter",Session,0,9.96,-7.54,120,64,184,0.67,04:36:05,27176.8,767.32,34.02,431.73,98.65,2.78,1,0,0,0,0,0,0,00:00:00,00:00:00,00:00:00,00:00:00,00:00:00,00:00:00,13742.11,25223.88,109.48,639.66,179,564.5,669,1063.57,79,3.85,1732.57,89,6.28,0,,MD,,Full,
"Kody McKinney",Session,0,3.3,-2.69,8,5,13,0.08,02:45:00,1371,197.35,5.14,62.71,8.31,1.2,0.02,0,0,0,0,0,0,00:00:00,00:00:00,00:00:00,00:00:00,00:00:00,00:00:00,90.41,53.08,116.84,737.8,460.18,54.99,0,0,0,0,0,0,0,7,,MD,,Full,
"Emma Naftzger",Session,0,3.26,-3.69,10,8,18,0.11,02:45:00,1686.3,240.51,5.73,75.64,10.22,1.46,0.02,0,0,0,0,0,0,00:00:00,00:00:00,00:00:00,00:00:00,00:00:00,00:00:00,115.9,80.94,154.89,746.49,577.27,195.09,12.48,0,0,0,12.48,1,0.08,22,,MD,,Full,
"Grace Nelson",Session,0,9.9,-7.28,116,67,183,0.66,04:36:05,27304.07,801.47,34.1,441.39,99.07,2.9,1.01,0,0,0,0,0,0,00:00:00,00:00:00,00:00:00,00:00:00,00:00:00,00:00:00,13622.4,25287.61,105.84,640.43,203.53,626.87,689.24,957,76,3.47,1646.24,82,5.96,0,,MD,,Full,
"Nikki Ross",Session,0,3.23,-4,7,5,12,0.07,02:45:00,1286.26,188.6,5.68,69.28,7.8,1.14,0.03,0,0,0,0,0,0,00:00:00,00:00:00,00:00:00,00:00:00,00:00:00,00:00:00,88.83,59.52,111.8,672.68,442.76,56.87,0,0,0,0,0,0,0,1,,MD,,Full,
"Maddy Saruwatari",Session,0,3.08,-3.14,7,5,12,0.6,00:19:52,1171.05,187.96,5.23,67.02,58.95,9.46,0.02,0,0,0,0,0,0,00:00:00,00:00:00,00:00:00,00:00:00,00:00:00,00:00:00,79.16,53.83,55.86,620.07,457.34,37.42,0,0,0,0,0,0,0,5,,MD,,Full,
"Priya Torres",Session,0,2.96,-3.07,17,10,27,0.16,02:45:00,1321.86,164.38,4.77,61.07,8.01,1,0.02,0,0,0,0,0,0,00:00:00,00:00:00,00:00:00,00:00:00,00:00:00,00:00:00,92.68,62.2,54.54,816.5,401.87,47.39,0,0,0,0,0,0,0,15,,MD,,Full,
"Jade Vachek",Session,0,3.67,-3.15,8,7,15,0.09,02:45:00,1441.54,203.1,5.53,68.62,8.74,1.23,0.01,0,0,0,0,0,0,00:00:00,00:00:00,00:00:00,00:00:00,00:00:00,00:00:00,91.63,49.52,163.87,845.11,380.94,51.69,0,0,0,0,0,0,0,8,,MD,,Full,
"Abby Wright",Session,0,9.95,-7.8,114,65,179,0.65,04:36:05,27422.13,745.94,33.98,414.42,99.54,2.7,1.01,0,0,0,0,0,0,00:00:00,00:00:00,00:00:00,00:00:00,00:00:00,00:00:00,13089.37,25400.11,104.15,621.05,222.14,753.26,929.98,1079.41,73,3.91,2009.39,75,7.28,0,,MD,,Full,
"Madi Audet","Auto Created Period",1,9.81,-7.57,102,54,156,0.57,04:36:05,27832.34,900.94,34.03,485.17,101.03,3.26,1.02,0,0,0,0,0,0,00:00:00,00:00:00,00:00:00,00:00:00,00:00:00,00:00:00,13064.99,25639.94,58.52,651.71,174,464.57,654.14,824.55,62,2.99,1478.69,63,5.36,0,,MD,,Full,,
"Jenna Bisset","Auto Created Period",1,3.1,-3.9,11,17,28,0.81,00:34:43,1932.88,260.73,5.46,69.97,55.68,7.51,0.05,0,0,0,0,0,0,00:00:00,00:00:00,00:00:00,00:00:00,00:00:00,00:00:00,138.74,88.8,97.14,903.27,747.14,185.55,0,0,0,0,0,0,0,28,,MD,,Full,,
"Abby Buys","Auto Created Period",1,3.29,-3.96,13,15,28,1.08,00:25:52,1417.95,199.18,5.64,72.32,54.82,7.7,0.04,0,0,0,0,0,0,00:00:00,00:00:00,00:00:00,00:00:00,00:00:00,00:00:00,101.02,86.7,64.97,704.59,559.17,85.5,3.65,0,0,0,3.65,1,0.14,9,,MD,,Full,,
"Riley Johnson","Auto Created Period",1,9.88,-7.56,115,60,175,0.63,04:36:04,27346.82,809.09,34.03,415,99.27,2.93,1.01,0,0,0,0,0,0,00:00:00,00:00:00,00:00:00,00:00:00,00:00:00,00:00:00,13260.83,25289.87,99.41,637.39,207.43,780.71,965.99,1072.78,75,3.89,2038.77,83,7.39,0,,MD,,Full,,
"Lila Jones","Auto Created Period",1,0,0,0,0,0,0,00:30:32,0,2.41,0.11,1.39,0,0.08,0,0,0,0,0,0,0,00:00:00,00:00:00,00:00:00,00:00:00,00:00:00,00:00:00,0.03,0,0,0,0,0,0,0,0,0,0,0,0,0,,MD,,Full,,
"Gianna Masinter","Auto Created Period",1,9.96,-7.54,120,64,184,0.67,04:36:05,27176.8,767.32,34.02,431.73,98.65,2.78,1,0,0,0,0,0,0,00:00:00,00:00:00,00:00:00,00:00:00,00:00:00,00:00:00,13742.11,25223.88,109.48,639.66,179,564.5,669,1063.57,79,3.85,1732.57,89,6.28,0,,MD,,Full,,
"Grace Nelson","Auto Created Period",1,9.9,-7.28,116,67,183,0.66,04:36:05,27304.07,801.47,34.1,441.39,99.07,2.9,1.01,0,0,0,0,0,0,00:00:00,00:00:00,00:00:00,00:00:00,00:00:00,00:00:00,13622.4,25287.61,105.84,640.43,203.53,626.87,689.24,957,76,3.47,1646.24,82,5.96,0,,MD,,Full,,
"Maddy Saruwatari","Auto Created Period",1,3.08,-3.14,7,5,12,0.6,00:19:52,1171.05,187.96,5.23,67.02,58.95,9.46,0.02,0,0,0,0,0,0,00:00:00,00:00:00,00:00:00,00:00:00,00:00:00,00:00:00,79.16,53.83,55.86,620.07,457.34,37.42,0,0,0,0,0,0,0,5,,MD,,Full,,
"Abby Wright","Auto Created Period",1,9.95,-7.8,114,65,179,0.65,04:36:05,27422.13,745.94,33.98,414.42,99.54,2.7,1.01,0,0,0,0,0,0,00:00:00,00:00:00,00:00:00,00:00:00,00:00:00,00:00:00,13089.37,25400.11,104.15,621.05,222.14,753.26,929.98,1079.41,73,3.91,2009.39,75,7.28,0,,MD,,Full,,
"Molly Bachman","Period 3",1,1.73,-1.72,0,0,0,0,02:45:00,308.6,36.75,3.64,45.87,1.87,0.22,0.01,0,0,0,0,0,0,00:00:00,00:00:00,00:00:00,00:00:00,00:00:00,00:00:00,20.2,1.47,35.06,154.87,117.51,1.02,0,0,0,0,0,0,0,0,,MD,,Full,,
"Kaleia Coughlin","Period 3",1,3.28,-2.59,9,8,17,0.1,02:45:00,1388.45,221.64,5.4,65.86,8.41,1.34,0.02,0,0,0,0,0,0,00:00:00,00:00:00,00:00:00,00:00:00,00:00:00,00:00:00,91.41,73.45,109.24,760.92,436.05,80.77,0,0,0,0,0,0,0,16,,MD,,Full,,
"Ava Heil","Period 3",1,3.39,-3.82,16,14,30,0.18,02:45:00,2050.39,310.13,6.05,73.82,12.43,1.88,0.02,0,0,0,0,0,0,00:00:00,00:00:00,00:00:00,00:00:00,00:00:00,00:00:00,137.68,116.86,138.12,1084.52,674.87,145.26,6.65,0,0,0,6.65,1,0.04,17,,MD,,Full,,
"Kylee Jerome","Period 3",1,3.43,-3.98,15,18,33,0.2,02:45:00,1627.71,205.72,5.27,64.54,9.86,1.25,0.02,0,0,0,0,0,0,00:00:00,00:00:00,00:00:00,00:00:00,00:00:00,00:00:00,115.31,101.52,103.53,812.82,652.42,58.82,0,0,0,0,0,0,0,11,,MD,,Full,,
"Maddie Khan","Period 3",1,3.62,-3.88,23,25,48,0.29,02:45:00,2309.62,313.37,6.57,76.88,14,1.9,0.04,0,0,0,0,0,0,00:00:00,00:00:00,00:00:00,00:00:00,00:00:00,00:00:00,165.73,225.07,121.46,1082.66,901.57,192.93,6.7,0,0,0,6.7,1,0.04,25,,MD,,Full,,
"Kody McKinney","Period 3",1,3.3,-2.69,8,5,13,0.08,02:45:00,1371,197.35,5.14,62.71,8.31,1.2,0.02,0,0,0,0,0,0,00:00:00,00:00:00,00:00:00,00:00:00,00:00:00,00:00:00,90.41,53.08,116.84,737.8,460.18,54.99,0,0,0,0,0,0,0,7,,MD,,Full,,
"Emma Naftzger","Period 3",1,3.26,-3.69,10,8,18,0.11,02:45:00,1686.3,240.51,5.73,75.64,10.22,1.46,0.02,0,0,0,0,0,0,00:00:00,00:00:00,00:00:00,00:00:00,00:00:00,00:00:00,115.9,80.94,154.89,746.49,577.27,195.09,12.48,0,0,0,12.48,1,0.08,22,,MD,,Full,,
"Nikki Ross","Period 3",1,3.23,-4,7,5,12,0.07,02:45:00,1286.26,188.6,5.68,69.28,7.8,1.14,0.03,0,0,0,0,0,0,00:00:00,00:00:00,00:00:00,00:00:00,00:00:00,00:00:00,88.83,59.52,111.8,672.68,442.76,56.87,0,0,0,0,0,0,0,1,,MD,,Full,,
"Priya Torres","Period 3",1,2.96,-3.07,17,10,27,0.16,02:45:00,1321.86,164.38,4.77,61.07,8.01,1,0.02,0,0,0,0,0,0,00:00:00,00:00:00,00:00:00,00:00:00,00:00:00,00:00:00,92.68,62.2,54.54,816.5,401.87,47.39,0,0,0,0,0,0,0,15,,MD,,Full,,
"Jade Vachek","Period 3",1,3.67,-3.15,8,7,15,0.09,02:45:00,1441.54,203.1,5.53,68.62,8.74,1.23,0.01,0,0,0,0,0,0,00:00:00,00:00:00,00:00:00,00:00:00,00:00:00,00:00:00,91.63,49.52,163.87,845.11,380.94,51.69,0,0,0,0,0,0,0,8,,MD,,Full,,
