Date:,17/09/2026
"Start Time:",14:00:19
"Unix Start Time:",1789678819
Duration:,11100
"Num Players:",17
"Num Periods:",1
"Num Parameters:",40
"Logo Path:",https://clprototype.s3.amazonaws.com//titan/upload/file/alt/hMTfINKQSHhuOedgAGPP08auxtaaM8MwfUw1xmvC.jpg?X-Amz-Content-Sha256=UNSIGNED-PAYLOAD&X-Amz-Algorithm=AWS4-HMAC-SHA256&X-Amz-Credential=AKIAWE24RTRBE46FX3JB%2F20260918%2Fus-east-1%2Fs3%2Faws4_request&X-Amz-Date=20260918T184240Z&X-Amz-SignedHeaders=host&X-Amz-Expires=-1789152160&X-Amz-Signature=14a3de22f9ef6c2d5254f06940ae055be11ba3eab55e30cfbeba88d2b9790e86
,
"Player Name","Period Name","Period Number","Max Acceleration","Max Deceleration","Acceleration Efforts","Deceleration Efforts","Accel + Decel Efforts","Accel + Decel Efforts Per Minute",Duration,Distance,"Player Load","Max Velocity","Max Vel (% Max)","Meterage Per Minute","Player Load Per Minute","Work/Rest Ratio","Max Heart Rate","Avg Heart Rate","Max HR (% Max)","Avg HR (% Max)","HR Exertion","Red Zone","Heart Rate Band 1 Duration","Heart Rate Band 2 Duration","Heart Rate Band 3 Duration","Heart Rate Band 4 Duration","Heart Rate Band 5 Duration","Heart Rate Band 6 Duration",Energy,"High Metabolic Load Distance","Standing Distance","Walking Distance","Jogging Distance","Running Distance","HI Distance","Sprint Distance","Sprint Efforts","Sprint Dist Per Min","High Speed Distance","High Speed Efforts","High Speed Distance Per Minute",Impacts,"Athlete Tags","Activity Tags","Game Tags","Athlete Participation Tags","Period Tags",
"Molly Bachman",Session,0,4.2,-5.43,100,90,190,1.03,03:05:00,10687.4,1179.09,6.98,87.94,58,6.37,0.08,0,0,0,0,0,0,00:00:00,00:00:00,00:00:00,00:00:00,00:00:00,00:00:00,762.73,830.29,273.69,4324.8,4797.15,1173.89,111.07,6.07,1,0.03,117.14,8,0.63,196,,,,Full,
"Jenna Bisset",Session,0,3.67,-5.69,67,62,129,0.7,03:05:00,6906.85,799.08,7.19,92.24,37.48,4.32,0.06,0,0,0,0,0,0,00:00:00,00:00:00,00:00:00,00:00:00,00:00:00,00:00:00,492.16,701.49,286.92,2476.27,2814.92,1213.13,87.04,28.56,1,0.15,115.6,7,0.62,42,,,,Full,
"Hannah Boelscher",Session,0,3.64,-3.88,51,52,103,0.56,03:05:00,6196.32,759.33,6.97,85.03,33.62,4.1,0.05,0,0,0,0,0,0,00:00:00,00:00:00,00:00:00,00:00:00,00:00:00,00:00:00,424.2,585.36,305.72,2399.18,2448.23,920.13,123.07,0,0,0,123.07,9,0.67,54,,,,Full,
"Abby Buys",Session,0,3.32,-5.21,106,108,214,1.16,03:05:00,12374.41,1435.06,6.58,84.36,67.11,7.76,0.12,0,0,0,0,0,0,00:00:00,00:00:00,00:00:00,00:00:00,00:00:00,00:00:00,875.96,1161.01,257.7,4444.51,5253.22,2205.06,213.91,0,0,0,213.91,14,1.16,109,,,,Full,
"Shay Greff",Session,0,3.33,-3.78,41,34,75,0.41,03:05:00,4710.48,599,5.89,71.82,25.55,3.24,0.03,0,0,0,0,0,0,00:00:00,00:00:00,00:00:00,00:00:00,00:00:00,00:00:00,314.06,366.47,312.22,1776.25,2003.87,604.71,13.43,0,0,0,13.43,0,0.07,40,,,,Full,
"Ava Heil",Session,0,3.06,-3.32,14,10,24,0.13,03:05:00,2215.35,325.57,6.48,78.99,12.03,1.76,0.01,0,0,0,0,0,0,00:00:00,00:00:00,00:00:00,00:00:00,00:00:00,00:00:00,143.37,84.23,248.19,1221.49,647.18,89.1,9.38,0,0,0,9.38,1,0.05,10,,,,Full,
"Kylee Jerome",Session,0,3.89,-4.34,85,67,152,0.82,03:05:00,7952.58,839.62,7.45,91.26,43.11,4.54,0.08,0,0,0,0,0,0,00:00:00,00:00:00,00:00:00,00:00:00,00:00:00,00:00:00,550.61,942.14,272.76,2437.21,3615.24,1480.56,134.59,12.21,1,0.07,146.8,8,0.79,75,,,,Full,
"Riley Johnson",Session,0,3.7,-4.65,72,82,154,0.83,03:05:00,6877.08,762.54,7.07,86.16,37.31,4.12,0.06,0,0,0,0,0,0,00:00:00,00:00:00,00:00:00,00:00:00,00:00:00,00:00:00,476.56,857.97,275.13,2374.09,2954.14,1093.32,175.4,4.83,0,0.03,180.23,9,0.97,43,,,,Full,
"Maddie Khan",Session,0,3.83,-4.37,71,79,150,0.81,03:05:00,9172.21,1137.41,7.49,87.64,49.72,6.15,0.08,0,0,0,0,0,0,00:00:00,00:00:00,00:00:00,00:00:00,00:00:00,00:00:00,642.17,858.59,260.82,3574.27,4022.88,1197.55,109.79,6.6,0,0.04,116.39,7,0.63,107,,,,Full,
"Gianna Masinter",Session,0,3.79,-5.94,63,72,135,0.73,03:05:00,10164.76,1140.76,6.76,85.81,55.13,6.17,0.07,0,0,0,0,0,0,00:00:00,00:00:00,00:00:00,00:00:00,00:00:00,00:00:00,711.84,698.09,263.6,4070.91,4522.94,1215.79,85.43,6.09,0,0.03,91.52,5,0.49,67,,,,Full,
"Emma Naftzger",Session,0,3.83,-5.07,108,112,220,1.19,03:05:00,11709.88,1335.97,6.81,89.97,63.48,7.22,0.11,0,0,0,0,0,0,00:00:00,00:00:00,00:00:00,00:00:00,00:00:00,00:00:00,839.11,1106.6,210.05,3246.74,5892.02,2129.81,209.42,21.82,1,0.12,231.24,16,1.25,161,,,,Full,
"Grace Nelson",Session,0,3.42,-5.02,81,98,179,0.97,03:05:00,9941.7,1171.54,6.72,86.99,53.9,6.33,0.1,0,0,0,0,0,0,00:00:00,00:00:00,00:00:00,00:00:00,00:00:00,00:00:00,712.32,1026.19,283,2854.58,4526.42,2089.16,184.75,3.8,0,0.02,188.55,13,1.02,109,,,,Full,
"Nikki Ross",Session,0,3.99,-5.55,92,91,183,0.99,03:05:00,10538.3,1147.48,6.68,81.45,57.14,6.2,0.11,0,0,0,0,0,0,00:00:00,00:00:00,00:00:00,00:00:00,00:00:00,00:00:00,747.79,1045.49,271.05,3323.72,4903.2,1945.45,94.4,0,0,0,94.4,5,0.51,29,,,,Full,
"Maddy Saruwatari",Session,0,3.9,-4.34,92,81,173,0.94,03:05:00,9872.14,1247.51,6.53,83.7,53.5,6.74,0.09,0,0,0,0,0,0,00:00:00,00:00:00,00:00:00,00:00:00,00:00:00,00:00:00,675.72,889.8,231.06,3441.39,4350.07,1766.55,83.07,0,0,0,83.07,8,0.45,102,,,,Full,
"Priya Torres",Session,0,4.13,-4.01,92,78,170,0.92,03:05:00,8454.27,912.59,6.97,89.15,45.87,4.93,0.05,0,0,0,0,0,0,00:00:00,00:00:00,00:00:00,00:00:00,00:00:00,00:00:00,598.63,878.04,251.73,3836.12,3042.79,1071.26,220.82,31.04,2,0.17,251.86,15,1.36,116,,,,Full,
"Jade Vachek",Session,0,3.84,-4.23,22,14,36,0.19,03:05:00,3554.28,426.46,6.82,84.64,19.29,2.31,0.02,0,0,0,0,0,0,00:00:00,00:00:00,00:00:00,00:00:00,00:00:00,00:00:00,230.25,260.33,285.5,1495.63,1239.8,475.2,57.11,0,0,0,57.11,3,0.31,12,,,,Full,
"Abby Wright",Session,0,8.51,-9.89,60,46,106,0.57,03:05:00,6276.86,843.32,8.8,107.35,34.03,4.56,0.05,0,0,0,0,0,0,00:00:00,00:00:00,00:00:00,00:00:00,00:00:00,00:00:00,427.55,601.5,339.71,2293.14,2637.93,912.64,89.8,1.81,0,0.01,91.61,5,0.5,56,,,,Full,
"Molly Bachman","Full Game",1,4.2,-5.43,100,90,190,1.03,03:05:00,10687.4,1179.09,6.98,87.94,58,6.37,0.08,0,0,0,0,0,0,00:00:00,00:00:00,00:00:00,00:00:00,00:00:00,00:00:00,762.73,830.29,273.69,4324.8,4797.15,1173.89,111.07,6.07,1,0.03,117.14,8,0.63,196,,,,Full,,
"Jenna Bisset","Full Game",1,3.67,-5.69,67,62,129,0.7,03:05:00,6906.85,799.08,7.19,92.24,37.48,4.32,0.06,0,0,0,0,0,0,00:00:00,00:00:00,00:00:00,00:00:00,00:00:00,00:00:00,492.16,701.49,286.92,2476.27,2814.92,1213.13,87.04,28.56,1,0.15,115.6,7,0.62,42,,,,Full,,
"Hannah Boelscher","Full Game",1,3.64,-3.88,51,52,103,0.56,03:05:00,6196.32,759.33,6.97,85.03,33.62,4.1,0.05,0,0,0,0,0,0,00:00:00,00:00:00,00:00:00,00:00:00,00:00:00,00:00:00,424.2,585.36,305.72,2399.18,2448.23,920.13,123.07,0,0,0,123.07,9,0.67,54,,,,Full,,
"Abby Buys","Full Game",1,3.32,-5.21,106,108,214,1.16,03:05:00,12374.41,1435.06,6.58,84.36,67.11,7.76,0.12,0,0,0,0,0,0,00:00:00,00:00:00,00:00:00,00:00:00,00:00:00,00:00:00,875.96,1161.01,257.7,4444.51,5253.22,2205.06,213.91,0,0,0,213.91,14,1.16,109,,,,Full,,
"Shay Greff","Full Game",1,3.33,-3.78,41,34,75,0.41,03:05:00,4710.48,599,5.89,71.82,25.55,3.24,0.03,0,0,0,0,0,0,00:00:00,00:00:00,00:00:00,00:00:00,00:00:00,00:00:00,314.06,366.47,312.22,1776.25,2003.87,604.71,13.43,0,0,0,13.43,0,0.07,40,,,,Full,,
"Ava Heil","Full Game",1,3.06,-3.32,14,10,24,0.13,03:05:00,2215.35,325.57,6.48,78.99,12.03,1.76,0.01,0,0,0,0,0,0,00:00:00,00:00:00,00:00:00,00:00:00,00:00:00,00:00:00,143.37,84.23,248.19,1221.49,647.18,89.1,9.38,0,0,0,9.38,1,0.05,10,,,,Full,,
"Kylee Jerome","Full Game",1,3.89,-4.34,85,67,152,0.82,03:05:00,7952.58,839.62,7.45,91.26,43.11,4.54,0.08,0,0,0,0,0,0,00:00:00,00:00:00,00:00:00,00:00:00,00:00:00,00:00:00,550.61,942.14,272.76,2437.21,3615.24,1480.56,134.59,12.21,1,0.07,146.8,8,0.79,75,,,,Full,,
"Riley Johnson","Full Game",1,3.7,-4.65,72,82,154,0.83,03:05:00,6877.08,762.54,7.07,86.16,37.31,4.12,0.06,0,0,0,0,0,0,00:00:00,00:00:00,00:00:00,00:00:00,00:00:00,00:00:00,476.56,857.97,275.13,2374.09,2954.14,1093.32,175.4,4.83,0,0.03,180.23,9,0.97,43,,,,Full,,
"Maddie Khan","Full Game",1,3.83,-4.37,71,79,150,0.81,03:05:00,9172.21,1137.41,7.49,87.64,49.72,6.15,0.08,0,0,0,0,0,0,00:00:00,00:00:00,00:00:00,00:00:00,00:00:00,00:00:00,642.17,858.59,260.82,3574.27,4022.88,1197.55,109.79,6.6,0,0.04,116.39,7,0.63,107,,,,Full,,
"Gianna Masinter","Full Game",1,3.79,-5.94,63,72,135,0.73,03:05:00,10164.76,1140.76,6.76,85.81,55.13,6.17,0.07,0,0,0,0,0,0,00:00:00,00:00:00,00:00:00,00:00:00,00:00:00,00:00:00,711.84,698.09,263.6,4070.91,4522.94,1215.79,85.43,6.09,0,0.03,91.52,5,0.49,67,,,,Full,,
"Emma Naftzger","Full Game",1,3.83,-5.07,108,112,220,1.19,03:05:00,11709.88,1335.97,6.81,89.97,63.48,7.22,0.11,0,0,0,0,0,0,00:00:00,00:00:00,00:00:00,00:00:00,00:00:00,00:00:00,839.11,1106.6,210.05,3246.74,5892.02,2129.81,209.42,21.82,1,0.12,231.24,16,1.25,161,,,,Full,,
"Grace Nelson","Full Game",1,3.42,-5.02,81,98,179,0.97,03:05:00,9941.7,1171.54,6.72,86.99,53.9,6.33,0.1,0,0,0,0,0,0,00:00:00,00:00:00,00:00:00,00:00:00,00:00:00,00:00:00,712.32,1026.19,283,2854.58,4526.42,2089.16,184.75,3.8,0,0.02,188.55,13,1.02,109,,,,Full,,
"Nikki Ross","Full Game",1,3.99,-5.55,92,91,183,0.99,03:05:00,10538.3,1147.48,6.68,81.45,57.14,6.2,0.11,0,0,0,0,0,0,00:00:00,00:00:00,00:00:00,00:00:00,00:00:00,00:00:00,747.79,1045.49,271.05,3323.72,4903.2,1945.45,94.4,0,0,0,94.4,5,0.51,29,,,,Full,,
"Maddy Saruwatari","Full Game",1,3.9,-4.34,92,81,173,0.94,03:05:00,9872.14,1247.51,6.53,83.7,53.5,6.74,0.09,0,0,0,0,0,0,00:00:00,00:00:00,00:00:00,00:00:00,00:00:00,00:00:00,675.72,889.8,231.06,3441.39,4350.07,1766.55,83.07,0,0,0,83.07,8,0.45,102,,,,Full,,
"Priya Torres","Full Game",1,4.13,-4.01,92,78,170,0.92,03:05:00,8454.27,912.59,6.97,89.15,45.87,4.93,0.05,0,0,0,0,0,0,00:00:00,00:00:00,00:00:00,00:00:00,00:00:00,00:00:00,598.63,878.04,251.73,3836.12,3042.79,1071.26,220.82,31.04,2,0.17,251.86,15,1.36,116,,,,Full,,
"Jade Vachek","Full Game",1,3.84,-4.23,22,14,36,0.19,03:05:00,3554.28,426.46,6.82,84.64,19.29,2.31,0.02,0,0,0,0,0,0,00:00:00,00:00:00,00:00:00,00:00:00,00:00:00,00:00:00,230.25,260.33,285.5,1495.63,1239.8,475.2,57.11,0,0,0,57.11,3,0.31,12,,,,Full,,
"Abby Wright","Full Game",1,8.51,-9.89,60,46,106,0.57,03:05:00,6276.86,843.32,8.8,107.35,34.03,4.56,0.05,0,0,0,0,0,0,00:00:00,00:00:00,00:00:00,00:00:00,00:00:00,00:00:00,427.55,601.5,339.71,2293.14,2637.93,912.64,89.8,1.81,0,0.01,91.61,5,0.5,56,,,,Full,,
