Date:,04/09/2026
"Start Time:",15:48:22
"Unix Start Time:",1788562102
Duration:,9495
"Num Players:",19
"Num Periods:",1
"Num Parameters:",40
"Logo Path:",https://clprototype.s3.amazonaws.com//titan/upload/file/alt/hMTfINKQSHhuOedgAGPP08auxtaaM8MwfUw1xmvC.jpg?X-Amz-Content-Sha256=UNSIGNED-PAYLOAD&X-Amz-Algorithm=AWS4-HMAC-SHA256&X-Amz-Credential=AKIAWE24RTRBE46FX3JB%2F20260905%2Fus-east-1%2Fs3%2Faws4_request&X-Amz-Date=20260905T061703Z&X-Amz-SignedHeaders=host&X-Amz-Expires=-1787984223&X-Amz-Signature=7417ffd17d2569d149d5cd932ec50eeebcb743b1acc0456411b34cb4e1b72147
,
"Player Name","Period Name","Period Number","Max Acceleration","Max Deceleration","Acceleration Efforts","Deceleration Efforts","Accel + Decel Efforts","Accel + Decel Efforts Per Minute",Duration,Distance,"Player Load","Max Velocity","Max Vel (% Max)","Meterage Per Minute","Player Load Per Minute","Work/Rest Ratio","Max Heart Rate","Avg Heart Rate","Max HR (% Max)","Avg HR (% Max)","HR Exertion","Red Zone","Heart Rate Band 1 Duration","Heart Rate Band 2 Duration","Heart Rate Band 3 Duration","Heart Rate Band 4 Duration","Heart Rate Band 5 Duration","Heart Rate Band 6 Duration",Energy,"High Metabolic Load Distance","Standing Distance","Walking Distance","Jogging Distance","Running Distance","HI Distance","Sprint Distance","Sprint Efforts","Sprint Dist Per Min","High Speed Distance","High Speed Efforts","High Speed Distance Per Minute",Impacts,"Athlete Tags","Activity Tags","Game Tags","Athlete Participation Tags","Period Tags",
"Molly Bachman",Session,0,3.33,-3.98,32,27,59,0.63,01:32:55,2763.19,278.85,5.25,66.16,29.88,3,0.02,0,0,0,0,0,0,00:00:00,00:00:00,00:00:00,00:00:00,00:00:00,00:00:00,195.35,199.1,144.25,1368.2,1036.58,214.16,0,0,0,0,0,0,0,19,,,,Full,
"Jenna Bisset",Session,0,2.88,-4.35,19,19,38,0.4,01:34:07,2373.05,224.85,6.13,78.55,25.49,2.39,0.01,0,0,0,0,0,0,00:00:00,00:00:00,00:00:00,00:00:00,00:00:00,00:00:00,162.48,160.62,145.45,1473.47,575.27,164.3,14.55,0,0,0,14.55,1,0.15,16,,,,Full,
"Hannah Boelscher",Session,0,3.47,-4.53,28,27,55,0.58,01:34:19,2825.11,334.46,6.85,78.77,30.23,3.55,0.04,0,0,0,0,0,0,00:00:00,00:00:00,00:00:00,00:00:00,00:00:00,00:00:00,194.08,267.65,132.19,1316.85,1101.95,252.89,21.24,0,0,0,21.24,1,0.23,28,,,,Full,
"Abby Buys",Session,0,3.53,-4.02,34,26,60,0.64,01:34:10,2859.03,316.08,6.21,79.65,30.59,3.36,0.04,0,0,0,0,0,0,00:00:00,00:00:00,00:00:00,00:00:00,00:00:00,00:00:00,202.37,250.8,132.48,1349.25,963.44,391.34,21.32,1.2,0,0.01,22.52,2,0.24,3,,,,Full,
"Kaleia Coughlin",Session,0,3.48,-3.94,33,28,61,0.65,01:33:17,2808.61,289.18,6.04,69.4,30.33,3.1,0.03,0,0,0,0,0,0,00:00:00,00:00:00,00:00:00,00:00:00,00:00:00,00:00:00,192.57,216.29,144.67,1436.42,1012.89,214.63,0,0,0,0,0,0,0,8,,,,Full,
"Shay Greff",Session,0,3.4,-3.4,37,26,63,0.68,01:33:14,3748.6,380.29,6.31,72.55,40.48,4.08,0.05,0,0,0,0,0,0,00:00:00,00:00:00,00:00:00,00:00:00,00:00:00,00:00:00,253.53,342.41,187.3,1701.91,1408.2,445.82,5.37,0,0,0,5.37,1,0.06,7,,,,Full,
"Lehua Hanawahine",Session,0,3.55,-3.48,28,31,59,0.63,01:33:52,2705.79,297.11,6.63,83.92,29.06,3.17,0.03,0,0,0,0,0,0,00:00:00,00:00:00,00:00:00,00:00:00,00:00:00,00:00:00,183.3,231.56,126.49,1422.29,834.19,305.72,10.66,5.52,0,0.06,16.18,1,0.17,13,,,,Full,
"Ava Heil",Session,0,3.39,-4.28,26,26,52,0.55,01:33:59,2192.22,263.21,6.37,73.21,23.55,2.8,0.02,0,0,0,0,0,0,00:00:00,00:00:00,00:00:00,00:00:00,00:00:00,00:00:00,149.87,199.38,116.48,1299.07,575.92,194.64,5.4,0,0,0,5.4,1,0.06,14,,,,Full,
"Kylee Jerome",Session,0,3.52,-4.05,37,41,78,0.83,01:34:24,3556.89,371.75,6.84,83.81,38.06,3.94,0.04,0,0,0,0,0,0,00:00:00,00:00:00,00:00:00,00:00:00,00:00:00,00:00:00,248.96,337.1,146.88,1554.91,1458.25,365.35,17.66,13.15,1,0.14,30.81,2,0.33,35,,,,Full,
"Riley Johnson",Session,0,3.28,-4.12,35,28,63,0.67,01:34:00,3078.22,319.58,5.62,64.55,32.94,3.4,0.03,0,0,0,0,0,0,00:00:00,00:00:00,00:00:00,00:00:00,00:00:00,00:00:00,207.82,234.92,155.16,1496.75,1251.07,175.24,0,0,0,0,0,0,0,6,,,,Full,
"Lila Jones",Session,0,0.5,-0.74,0,0,0,0,02:38:15,110.11,23.22,1.99,22.88,0.7,0.15,0,0,0,0,0,0,0,00:00:00,00:00:00,00:00:00,00:00:00,00:00:00,00:00:00,6.14,0,12.14,87,10.09,0,0,0,0,0,0,0,0,0,,,,Full,
"Gianna Masinter",Session,0,3.22,-3.65,28,28,56,0.6,01:32:59,2994.31,303.82,5.72,72.54,32.38,3.27,0.03,0,0,0,0,0,0,00:00:00,00:00:00,00:00:00,00:00:00,00:00:00,00:00:00,210.58,227.61,123.09,1668.01,953.09,239.45,10.66,0,0,0,10.66,1,0.11,14,,,,Full,
"Emma Naftzger",Session,0,3.67,-4.12,38,34,72,0.77,01:33:34,3079.1,346.09,6.33,83.58,33.25,3.7,0.04,0,0,0,0,0,0,00:00:00,00:00:00,00:00:00,00:00:00,00:00:00,00:00:00,221.29,325.96,149.64,1228.89,1139.33,518.68,30.67,11.88,1,0.13,42.55,4,0.45,23,,,,Full,
"Grace Nelson",Session,0,3.82,-4.13,52,49,101,1.07,01:34:09,3519.08,366.51,5.54,71.74,37.65,3.89,0.04,0,0,0,0,0,0,00:00:00,00:00:00,00:00:00,00:00:00,00:00:00,00:00:00,250.7,289.93,169.29,1633.55,1285.18,427.42,3.63,0,0,0,3.63,0,0.04,26,,,,Full,
"Nikki Ross",Session,0,3.31,-4.12,30,25,55,0.58,01:34:55,2757.21,296.99,5.57,67.92,29.24,3.13,0.03,0,0,0,0,0,0,00:00:00,00:00:00,00:00:00,00:00:00,00:00:00,00:00:00,192.87,209.74,120.28,1419.13,899.94,317.78,0,0,0,0,0,0,0,3,,,,Full,
"Maddy Saruwatari",Session,0,3.65,-3.96,51,44,95,1,01:35:11,2791.48,358.91,5.58,71.58,29.55,3.77,0.04,0,0,0,0,0,0,00:00:00,00:00:00,00:00:00,00:00:00,00:00:00,00:00:00,197.4,342.04,142.2,1198.88,982.05,459.89,8.47,0,0,0,8.47,1,0.09,31,,,,Full,
"Priya Torres",Session,0,3.7,-4.12,45,36,81,0.86,01:34:14,2783.03,280.95,6.05,77.47,29.89,2.98,0.04,0,0,0,0,0,0,00:00:00,00:00:00,00:00:00,00:00:00,00:00:00,00:00:00,201.63,385.28,137.62,1436.45,674.07,505.95,28.94,0,0,0,28.94,3,0.31,49,,,,Full,
"Leah Uezato",Session,0,3.56,-4.71,37,37,74,0.65,01:53:09,2686.8,306.37,6.33,88.5,23.86,2.71,0.02,0,0,0,0,0,0,00:00:00,00:00:00,00:00:00,00:00:00,00:00:00,00:00:00,185.27,289.37,81.56,1413.29,734.1,382.22,46.11,29.53,2,0.26,75.64,4,0.67,20,,,,Full,
"Jade Vachek",Session,0,3.46,-4.23,43,34,77,0.82,01:34:18,2983.85,326.45,5.58,69.24,31.88,3.46,0.04,0,0,0,0,0,0,00:00:00,00:00:00,00:00:00,00:00:00,00:00:00,00:00:00,204.93,298.56,146.41,1290.53,1128.67,418.09,0,0,0,0,0,0,0,7,,,,Full,
"Molly Bachman","Auto Created Period",1,3.33,-3.98,32,27,59,0.63,01:32:55,2763.19,278.85,5.25,66.16,29.88,3,0.02,0,0,0,0,0,0,00:00:00,00:00:00,00:00:00,00:00:00,00:00:00,00:00:00,195.35,199.1,144.25,1368.2,1036.58,214.16,0,0,0,0,0,0,0,19,,,,Full,,
"Jenna Bisset","Auto Created Period",1,2.88,-4.35,19,19,38,0.4,01:34:07,2373.05,224.85,6.13,78.55,25.49,2.39,0.01,0,0,0,0,0,0,00:00:00,00:00:00,00:00:00,00:00:00,00:00:00,00:00:00,162.48,160.62,145.45,1473.47,575.27,164.3,14.55,0,0,0,14.55,1,0.15,16,,,,Full,,
"Hannah Boelscher","Auto Created Period",1,3.47,-4.53,28,27,55,0.58,01:34:19,2825.11,334.46,6.85,78.77,30.23,3.55,0.04,0,0,0,0,0,0,00:00:00,00:00:00,00:00:00,00:00:00,00:00:00,00:00:00,194.08,267.65,132.19,1316.85,1101.95,252.89,21.24,0,0,0,21.24,1,0.23,28,,,,Full,,
"Abby Buys","Auto Created Period",1,3.53,-4.02,34,26,60,0.64,01:34:10,2859.03,316.08,6.21,79.65,30.59,3.36,0.04,0,0,0,0,0,0,00:00:00,00:00:00,00:00:00,00:00:00,00:00:00,00:00:00,202.37,250.8,132.48,1349.25,963.44,391.34,21.32,1.2,0,0.01,22.52,2,0.24,3,,,,Full,,
"Kaleia Coughlin","Auto Created Period",1,3.48,-3.94,33,28,61,0.65,01:33:17,2808.61,289.18,6.04,69.4,30.33,3.1,0.03,0,0,0,0,0,0,00:00:00,00:00:00,00:00:00,00:00:00,00:00:00,00:00:00,192.57,216.29,144.67,1436.42,1012.89,214.63,0,0,0,0,0,0,0,8,,,,Full,,
"Shay Greff","Auto Created Period",1,3.4,-3.4,37,26,63,0.68,01:33:14,3748.6,380.29,6.31,72.55,40.48,4.08,0.05,0,0,0,0,0,0,00:00:00,00:00:00,00:00:00,00:00:00,00:00:00,00:00:00,253.53,342.41,187.3,1701.91,1408.2,445.82,5.37,0,0,0,5.37,1,0.06,7,,,,Full,,
"Lehua Hanawahine","Auto Created Period",1,3.55,-3.48,28,31,59,0.63,01:33:52,2705.79,297.11,6.63,83.92,29.06,3.17,0.03,0,0,0,0,0,0,00:00:00,00:00:00,00:00:00,00:00:00,00:00:00,00:00:00,183.3,231.56,126.49,1422.29,834.19,305.72,10.66,5.52,0,0.06,16.18,1,0.17,13,,,,Full,,
"Ava Heil","Auto Created Period",1,3.39,-4.28,26,26,52,0.55,01:33:59,2192.22,263.21,6.37,73.21,23.55,2.8,0.02,0,0,0,0,0,0,00:00:00,00:00:00,00:00:00,00:00:00,00:00:00,00:00:00,149.87,199.38,116.48,1299.07,575.92,194.64,5.4,0,0,0,5.4,1,0.06,14,,,,Full,,
"Kylee Jerome","Auto Created Period",1,3.52,-4.05,37,41,78,0.83,01:34:24,3556.89,371.75,6.84,83.81,38.06,3.94,0.04,0,0,0,0,0,0,00:00:00,00:00:00,00:00:00,00:00:00,00:00:00,00:00:00,248.96,337.1,146.88,1554.91,1458.25,365.35,17.66,13.15,1,0.14,30.81,2,0.33,35,,,,Full,,
"Riley Johnson","Auto Created Period",1,3.28,-4.12,35,28,63,0.67,01:34:00,3078.22,319.58,5.62,64.55,32.94,3.4,0.03,0,0,0,0,0,0,00:00:00,00:00:00,00:00:00,00:00:00,00:00:00,00:00:00,207.82,234.92,155.16,1496.75,1251.07,175.24,0,0,0,0,0,0,0,6,,,,Full,,
"Lila Jones","Auto Created Period",1,0.5,-0.74,0,0,0,0,02:38:15,110.11,23.22,1.99,22.88,0.7,0.15,0,0,0,0,0,0,0,00:00:00,00:00:00,00:00:00,00:00:00,00:00:00,00:00:00,6.14,0,12.14,87,10.09,0,0,0,0,0,0,0,0,0,,,,Full,,
"Gianna Masinter","Auto Created Period",1,3.22,-3.65,28,28,56,0.6,01:32:59,2994.31,303.82,5.72,72.54,32.38,3.27,0.03,0,0,0,0,0,0,00:00:00,00:00:00,00:00:00,00:00:00,00:00:00,00:00:00,210.58,227.61,123.09,1668.01,953.09,239.45,10.66,0,0,0,10.66,1,0.11,14,,,,Full,,
"Emma Naftzger","Auto Created Period",1,3.67,-4.12,38,34,72,0.77,01:33:34,3079.1,346.09,6.33,83.58,33.25,3.7,0.04,0,0,0,0,0,0,00:00:00,00:00:00,00:00:00,00:00:00,00:00:00,00:00:00,221.29,325.96,149.64,1228.89,1139.33,518.68,30.67,11.88,1,0.13,42.55,4,0.45,23,,,,Full,,
"Grace Nelson","Auto Created Period",1,3.82,-4.13,52,49,101,1.07,01:34:09,3519.08,366.51,5.54,71.74,37.65,3.89,0.04,0,0,0,0,0,0,00:00:00,00:00:00,00:00:00,00:00:00,00:00:00,00:00:00,250.7,289.93,169.29,1633.55,1285.18,427.42,3.63,0,0,0,3.63,0,0.04,26,,,,Full,,
"Nikki Ross","Auto Created Period",1,3.31,-4.12,30,25,55,0.58,01:34:55,2757.21,296.99,5.57,67.92,29.24,3.13,0.03,0,0,0,0,0,0,00:00:00,00:00:00,00:00:00,00:00:00,00:00:00,00:00:00,192.87,209.74,120.28,1419.13,899.94,317.78,0,0,0,0,0,0,0,3,,,,Full,,
"Maddy Saruwatari","Auto Created Period",1,3.65,-3.96,51,44,95,1,01:35:11,2791.48,358.91,5.58,71.58,29.55,3.77,0.04,0,0,0,0,0,0,00:00:00,00:00:00,00:00:00,00:00:00,00:00:00,00:00:00,197.4,342.04,142.2,1198.88,982.05,459.89,8.47,0,0,0,8.47,1,0.09,31,,,,Full,,
"Priya Torres","Auto Created Period",1,3.7,-4.12,45,36,81,0.86,01:34:14,2783.03,280.95,6.05,77.47,29.89,2.98,0.04,0,0,0,0,0,0,00:00:00,00:00:00,00:00:00,00:00:00,00:00:00,00:00:00,201.63,385.28,137.62,1436.45,674.07,505.95,28.94,0,0,0,28.94,3,0.31,49,,,,Full,,
"Leah Uezato","Auto Created Period",1,3.56,-4.71,37,37,74,0.65,01:53:09,2686.8,306.37,6.33,88.5,23.86,2.71,0.02,0,0,0,0,0,0,00:00:00,00:00:00,00:00:00,00:00:00,00:00:00,00:00:00,185.27,289.37,81.56,1413.29,734.1,382.22,46.11,29.53,2,0.26,75.64,4,0.67,20,,,,Full,,
"Jade Vachek","Auto Created Period",1,3.46,-4.23,43,34,77,0.82,01:34:18,2983.85,326.45,5.58,69.24,31.88,3.46,0.04,0,0,0,0,0,0,00:00:00,00:00:00,00:00:00,00:00:00,00:00:00,00:00:00,204.93,298.56,146.41,1290.53,1128.67,418.09,0,0,0,0,0,0,0,7,,,,Full,,
